Title,SKU,Supplier SKU,Retail Price (GBP),True Cost incl. 20% VAT (GBP),Margin (GBP),Margin (%)
"Java Natural Rattan Round Chair | Kaiku","","5528641","99.00","106.12","-7.12","-7.2"
"Ulmus Grey Elm Wood 4 Tier Bookshelf | Kaiku","","5501271","729.00","755.02","-26.02","-3.6"
"Riza Arched Antique Wall Mirror | Kaiku","","5503246","346.00","355.68","-9.68","-2.8"
"Lyon Whitewash Dining Table | Kaiku","","5501654","1089.00","1116.88","-27.88","-2.6"
"Lyon Grey Finish Oak Wood Dining Table | Kaiku","","5501638","989.00","999.68","-10.68","-1.1"
"Grenoble Brushed Brass Multi Tier Shelving Unit | Kaiku","","5528622","989.00","999.11","-10.11","-1.0"
"Java Black Rattan Peacock Accent Chair | Kaiku","","5528640","109.00","110.02","-1.02","-0.9"
"Lustra Small Nickel Painted Chandelier | Kaiku","","5511263","644.00","640.86","3.14","0.5"
"Relic Petrified Wood Tile Small Round Mirror | Kaiku","","5503368","198.00","195.48","2.52","1.3"
"Vermont White Wash Round Dining Table with 4 Chairs Set | Kaiku","","2404029","598.00","589.28","8.72","1.5"
"Equipoise Black and Brass Finish Floor Lamp with Marble Base | Kaiku","","5511758","199.00","196.08","2.92","1.5"
"Ulmus Black Elm Wood Sideboard | Kaiku","","5527875","1621.00","1585.45","35.55","2.2"
"Riza 3D Hexagonal Wall Mirror | Kaiku","","5503210","309.00","301.34","7.66","2.5"
"Ruta Wall Mirror | Kaiku","","5503133","209.00","202.67","6.33","3.0"
"Goa Natural Rattan Effect Chair | Kaiku","","2450044","299.00","288.95","10.05","3.4"
"Darnell Large Black Finish Planter | Kaiku","","5505796","109.00","105.12","3.88","3.6"
"Kensington Townhouse Grey Wash and Antique Black Media Unit | Kaiku","","5501127","990.00","952.70","37.30","3.8"
"Kyra Grey Wash Elm Wood Wardrobe | Kaiku","","5502407","1167.00","1121.29","45.71","3.9"
"Silva Large Oak Effect Silver Wall Mirror | Kaiku","","5503991","279.00","268.08","10.92","3.9"
"Atkins Nickel Finish Floor Lamp with White Shade | Kaiku","","5511753","199.00","190.80","8.20","4.1"
"Ulmus Black Elm Wood Console Table | Kaiku","","5527877","798.00","765.53","32.47","4.1"
"Lyon Rattan and Oak Wood 4 Door Sideboard | Kaiku","","5528695","1019.00","977.46","41.54","4.1"
"Dimaro Antique Grey Wall Mirror | Kaiku","","5504052","244.00","233.76","10.24","4.2"
"Goa Black Rattan Effect Double Hanging Chair | Kaiku","","2450045","487.00","464.62","22.38","4.6"
"Helia 3 Seat Olive Velvet Sofa | Kaiku","","2405938","968.00","922.61","45.39","4.7"
"Helia 3 Seat Blue Velvet Sofa | Kaiku","","2405939","968.00","922.61","45.39","4.7"
"Chiswick Oak Wood Side Table | Kaiku","","5501146","364.00","347.04","16.96","4.7"
"Jacen Silver Metal Frame Round Wall Mirror | Kaiku","","5503046","149.00","142.07","6.93","4.7"
"Jensen Rectangular Silver Wall Mirror | Kaiku","","5504031","199.00","189.47","9.53","4.8"
"Lovina Wood And Natural Rattan Lounge Chair | Kaiku","","5502851","359.00","341.03","17.97","5.0"
"Avelino Silver Frame Wall Mirror | Kaiku","","5503354","199.00","188.88","10.12","5.1"
"Josie Silver Round Wall Mirror | Kaiku","","5504037","214.00","202.67","11.33","5.3"
"Abira White Marble and Brass Finish 5 Bulb Floor Lamp | Kaiku","","5511722","328.00","310.14","17.86","5.4"
"Abira Brass Finish Three Bulb Floor Lamp | Kaiku","","5511633","293.00","276.88","16.12","5.5"
"Hubert Satin Nickel Finish Metal Floor Lamp | Kaiku","","5511738","269.00","254.16","14.84","5.5"
"Hampstead White and Oak Wood Coffee Table with Drawers | Kaiku","","5501114","448.00","422.74","25.26","5.6"
"Abira Black Marble and Nickel Finish 5 Bulb Floor Lamp | Kaiku","","5511723","329.00","310.14","18.86","5.7"
"Kensington Townhouse Rectangular Mirror | Kaiku","","5503277","369.00","347.76","21.24","5.8"
"Abira Black Finish 16 Arm Statement Pendant Light | Kaiku","","5511640","689.00","648.78","40.22","5.8"
"Yaxi Wall Clock | Kaiku","","2201054","109.00","102.48","6.52","6.0"
"Alexis 8 Light Nickel Finish Statement Pendant Light | Kaiku","","5511483","398.00","373.97","24.03","6.0"
"Kensington Townhouse Grey Wash and Antique Black Sideboard | Kaiku","","5501128","1322.00","1235.65","86.35","6.5"
"Ulmus Black Elm Wood Dining Table | Kaiku","","5527873","1100.00","1027.46","72.54","6.6"
"Carta Black and White Polka Dot Papier Mache Table Lamp | Kaiku","","5511871","109.00","101.62","7.38","6.8"
"Avelino Illuminated LED Gold Oval Mirror | Kaiku","","5503357","240.00","223.52","16.48","6.9"
"Hutchinson Clear Crystal Floor Lamp with Gold Metal | Kaiku","","5511736","239.00","222.48","16.52","6.9"
"Moda Black Faux Marble Rectangular Dining Table | Kaiku","","5528432","1109.00","1032.01","76.99","6.9"
"Opus 3 Seat Rope Woven Sofa with Grey Cushions | Kaiku","","5502314","689.00","640.73","48.27","7.0"
"Salasco Black Finish 3 Tiered Glass Chandelier | Kaiku","","5511427","440.00","409.01","30.99","7.0"
"Almora Acacia Wood Wall Mirror | Kaiku","","5503300","387.00","359.30","27.70","7.2"
"Sanai White Cotton Mache Large Planter | Kaiku","","5506889","139.00","128.88","10.12","7.3"
"Imperia Ceramic Marble Effect Round Dining Table | Kaiku","","5528865","499.00","461.93","37.07","7.4"
"Venice Nickel Plated Tapered Chandelier | Kaiku","","5511254","347.00","320.64","26.36","7.6"
"Abira Bronze Finish 7 Light Statement Pendant Light | Kaiku","","5511368","243.00","224.52","18.48","7.6"
"Hampstead White Media Unit with Oak Wood Top | Kaiku","","5501113","549.00","506.47","42.53","7.7"
"Parkside Oak Wood Round Dining Table | Kaiku","","5528698","859.00","791.62","67.38","7.8"
"Babylon Large 8 Light Pendant Light | Kaiku","","5511661","789.00","726.53","62.47","7.9"
"Ulmus Black Elm Wood Coffee Table | Kaiku","","5527876","749.00","688.54","60.46","8.1"
"Darnell Small Black Geometric Planter with Legs | Kaiku","","5505782","84.00","77.15","6.85","8.2"
"Loire White Super Kingsize Bed | Kaiku","","5502122","1080.00","989.87","90.13","8.3"
"Deskey Grey Shagreen Effect Media Unit | Kaiku","","5527815","1260.00","1152.49","107.51","8.5"
"Salvar Natural Oak and Elm Wood Chest of 5 Drawers | Kaiku","","5502838","869.00","794.51","74.49","8.6"
"Hubert Nickel Finish Arc Floor Lamp | Kaiku","","5511388","249.00","227.03","21.97","8.8"
"Grenoble Oak Veneer 2 Drawer Desk | Kaiku","","5528621","620.00","564.83","55.17","8.9"
"Loire White Kingsize Bed | Kaiku","","5502121","987.00","898.52","88.48","9.0"
"Lena Oak Veneer Coffee Table with Brushed Gold Legs | Kaiku","","5527919","469.00","426.83","42.17","9.0"
"Jakara Black Finish Carved Media Unit | Kaiku","","5528072","996.00","906.71","89.29","9.0"
"Jakara Natural Finish Carved Media Unit | Kaiku","","5528071","998.00","906.71","91.29","9.1"
"Goa Black Rattan Effect Double Hanging Chair With Grey Cushions | Kaiku","","2450049","489.00","444.18","44.82","9.2"
"Naro Mango Wood And Gold Finishing Coffee Table | Kaiku","","5528941","409.00","371.18","37.82","9.2"
"Riva Wall Mirror | Kaiku","","5503138","209.00","189.47","19.53","9.3"
"Opus Linen Fabric and Woven Rope 3 Seat Sofa | Kaiku","","5528549","819.24","743.09","76.15","9.3"
"Karli 3 Tier Glass Statement Pendant Light | Kaiku","","5511582","789.00","715.10","73.90","9.4"
"Parkside Dark Oak Wood Round Dining Table | Kaiku","","5528699","893.00","808.21","84.79","9.5"
"Lena Oak Veneer Round Side Table with Brushed Gold Legs | Kaiku","","5527920","400.00","360.77","39.23","9.8"
"Hatton Grey Velvet Sofa Bed | Kaiku","","2405836","599.00","539.89","59.11","9.9"
"Murdoch Brushed Brass Floor Lamp with Black Marble Base | Kaiku","","5511751","229.00","205.86","23.14","10.1"
"Luxor Grey Wash Recycled Pine Wood 4 Door Sideboard | Kaiku","","5527934","1395.00","1254.00","141.00","10.1"
"Hazel Natural Oak Wood and Grey Fur Dining Chair | Kaiku","","5527150","399.00","357.60","41.40","10.4"
"Rania 3 Seat Black Dimity Fabric Sofa | Kaiku","","5501486","1019.00","911.72","107.28","10.5"
"Luxor Grey Wash Recycled Pine Wood Console Table with Drawers | Kaiku","","5527935","588.00","526.33","61.67","10.5"
"Leonov Medium Gold Finish Wall Mirror | Kaiku","","5503985","219.00","195.48","23.52","10.7"
"Sabrina Three Seat Grey Velvet Sofa | Kaiku","","5528776","1170.00","1044.95","125.05","10.7"
"Weston Marble Effect Dining Table with 6 Chairs Set | Kaiku","","2405942","778.00","693.86","84.14","10.8"
"Astratto Natural Textured Canvas Wall Art | Kaiku","","5521147","109.00","97.20","11.80","10.8"
"Lena Oak Veneer Rectangular Side Table with Brushed Gold Legs | Kaiku","","5527921","389.00","347.04","41.96","10.8"
"Westford Rectangle Dining Table with 6 Chairs Set | Kaiku","","2405944","772.00","686.93","85.07","11.0"
"Westford Dining Table with 6 Chairs Set | Kaiku","","2405945","772.00","686.93","85.07","11.0"
"Trieste Champagne Glass Floor Lamp | Kaiku","","5511616","211.00","187.85","23.15","11.0"
"Opus Grey Woven Rope Three Seater Sofa with Cushions | Kaiku","","5528547","770.00","684.42","85.58","11.1"
"Trento Double Ring Design Wall Mirror | Kaiku","","5503272","189.00","167.88","21.12","11.2"
"Siena Three Seat Midnight Velvet Sofa | Kaiku","","5528781","1190.00","1054.61","135.39","11.4"
"Weston Round Marble Effect Dining Table with 6 Chairs Set | Kaiku","","2405941","761.00","673.73","87.27","11.5"
"Abira Gold Finish Adjustable 8 Arm Statement Pendant Light | Kaiku","","5511371","264.00","233.63","30.37","11.5"
"Macey Large Faceted Floor Lamp | Kaiku","","5511320","289.00","255.42","33.58","11.6"
"Loire Plant Stand | Kaiku","","5502153","223.00","196.67","26.33","11.8"
"Darnell White And Black Small Planter | Kaiku","","5505797","53.00","46.73","6.27","11.8"
"Carta Black and White Stripe Papier Mache Domed Floor Lamp | Kaiku","","5511869","298.00","262.24","35.76","12.0"
"Kerala Natural Recycled Wood Dining Table With Cross Base | Kaiku","","5527850","1499.00","1319.14","179.86","12.0"
"Manado Natural Rattan Sofa with Cushions | Kaiku","","5528626","520.00","457.32","62.68","12.1"
"Opus Rope Woven Longue Bench with Cushions | Kaiku","","5528550","744.00","653.33","90.67","12.2"
"Babylon Six Bulb Black Crystal Chandelier | Kaiku","","5511667","370.00","324.59","45.41","12.3"
"Goa Natural Rattan Effect Hanging Chair | Kaiku","","2450046","369.00","323.27","45.73","12.4"
"Naro Mango Wood and Gold Finish Console Table | Kaiku","","5528940","369.00","323.27","45.73","12.4"
"Vitus Black and Gold Metal Wall Clock | Kaiku","","2200970","72.84","63.41","9.43","12.9"
"Boho Patterned Mango Wood 2 Door Sideboard with Drawers | Kaiku","","5502641","963.00","838.36","124.64","12.9"
"Trento Small Square Black Metal Frame Round Insert Wall Mirror | Kaiku","","5503394","109.00","94.96","14.04","12.9"
"Surina 3 Seat Stone Fabric Sofa | Kaiku","","5527896","1290.00","1122.04","167.96","13.0"
"Imperia Ceramic Marble Effect Rectangular Dining Table | Kaiku","","5528866","713.00","620.33","92.67","13.0"
"Milan Grey Wash Recycled Elm Wood 4 Door Sideboard | Kaiku","","5527521","1590.00","1377.16","212.84","13.4"
"Arlo Large Engraved Natural And Black Wooden Planter | Kaiku","","5506560","64.00","55.37","8.63","13.5"
"Sabia Green And Gold Two Tiered Plant Stand | Kaiku","","5509128","81.00","70.08","10.92","13.5"
"Carta Black Etched Linear Design Papier Mache Table Lamp | Kaiku","","5511874","119.00","102.94","16.06","13.5"
"Lyon Linen Dining Chair with Oak Wood Whitewash Finish | Kaiku","","5501655","297.00","256.01","40.99","13.8"
"Loire White Double Bed | Kaiku","","5502120","989.00","852.85","136.15","13.8"
"Trieste Large Angular Pendant Light | Kaiku","","5511598","239.00","205.98","33.02","13.8"
"Hanah Black Snake Leather Effect Floor Lamp with Chrome Base and Black Shade | Kaiku","","5511740","199.00","171.59","27.41","13.8"
"Imperia 2 Tier Large Asymmetrical Ceramic Coffee Table | Kaiku","","5528860","797.00","686.38","110.62","13.9"
"Darnell Large Black And White Finish Planter | Kaiku","","5505802","67.00","57.61","9.39","14.0"
"Trieste Large Floor Lamp | Kaiku","","5511615","299.00","256.49","42.51","14.2"
"Templar Nickel And Bronze Finish Wall Mirror | Kaiku","","5503291","139.00","119.04","19.96","14.4"
"Newton Gold Finish Metal Shade Floor Lamp | Kaiku","","5511682","249.00","213.24","35.76","14.4"
"Hutchinson Clear Crystal Floor Lamp with Black Metal | Kaiku","","5511734","249.00","213.24","35.76","14.4"
"Tamzin Blue Velvet Curved Back Dining Chair | Kaiku","","5527329","129.00","110.40","18.60","14.4"
"Wimslow BlackTempered Glass Dining Table with 6 Chairs | Kaiku","","2405946","695.00","594.53","100.47","14.5"
"Darnell Natural And Black Tapered Planter | Kaiku","","5506421","67.00","57.29","9.71","14.5"
"Darnell Round Brown Planter With Angular Legs | Kaiku","","5506425","67.00","57.29","9.71","14.5"
"Skye Nickel Finish Rectangular Floor Lamp | Kaiku","","5511398","431.00","368.35","62.65","14.5"
"Hoffmann Black Mirrored Glass and Nickel Finish Plant Stand | Kaiku","","5502329","189.00","161.44","27.56","14.6"
"Darnell Large Grey Speckled Planter | Kaiku","","5505790","74.00","63.16","10.84","14.6"
"Saronno Grey Marble Top Media Unit | Kaiku","","5528975","1489.00","1272.35","216.65","14.6"
"Arles 3 Tier Water Hyacinth Storage Caddy | Kaiku","","2406651","109.00","92.92","16.08","14.8"
"Avento Set Of Three Gold Finish Planters | Kaiku","","1411647","56.00","47.64","8.36","14.9"
"Maxwell Textured Beige Fabric Curved Swivel Dining Chair | Kaiku","","2407101","228.00","194.03","33.97","14.9"
"Babylon 6 Bulb Crystal Chandelier | Kaiku","","5511666","378.00","321.68","56.32","14.9"
"Leyna Chrome Base Floor Lamp | Kaiku","","2501998","238.00","202.34","35.66","15.0"
"Kerala Recycled Natural Wood Console Table with Curved Legs | Kaiku","","5527838","684.00","581.33","102.67","15.0"
"Carta Black And White Papier Mache Table Lamp with Geometric Lines | Kaiku","","5511824","129.00","109.55","19.45","15.1"
"Sarter Black Mango Wood Chest of 4 Drawers | Kaiku","","5528469","749.00","636.18","112.82","15.1"
"Blossom Wall Mirror | Kaiku","","1101473","109.00","92.45","16.55","15.2"
"Black Garden Chair | Kaiku","","2404467","76.00","64.40","11.60","15.3"
"Darnell Large Chevron Planter | Kaiku","","5505800","67.74","57.29","10.45","15.4"
"Hampstead Black Finish Large Pendant Light With Hints of Gold | Kaiku","","5511039","337.00","285.11","51.89","15.4"
"Hutchinson Clear Crystal Table Lamp with Gold Metal | Kaiku","","5511735","149.00","125.98","23.02","15.4"
"Opus Woven Rope Armchair | Kaiku","","5502316","289.00","244.19","44.81","15.5"
"Babylon Six Bulb Chrome Chandelier | Kaiku","","5511673","409.00","345.71","63.29","15.5"
"Avelino Illuminated LED Silver Round Mirror | Kaiku","","5503356","199.00","167.88","31.12","15.6"
"Darnell Small Greyt Faceted Planter | Kaiku","","5505784","66.00","55.63","10.37","15.7"
"Orko Brass And Black 16 Bulb Statement Pendant Light | Kaiku","","5511641","599.00","504.89","94.11","15.7"
"Karter Chrome Finish Floor Lamp With Three Lights | Kaiku","","5511592","197.00","165.85","31.15","15.8"
"Goa Brown Rattan Hanging Chair | Kaiku","","2406046","299.00","251.02","47.98","16.0"
"Arlo Small Engraved Natural And Black Planter | Kaiku","","5506561","40.00","33.60","6.40","16.0"
"Yara Matt Black 12 Bulb Statement Pendant Light | Kaiku","","5511726","665.00","558.35","106.65","16.0"
"Sagor Mango Wood Console Table with Drawers | Kaiku","","5527540","661.29","553.55","107.74","16.3"
"Spezia Grey Marble Top Media Unit | Kaiku","","5528966","1469.00","1227.62","241.38","16.4"
"Midas Recycled Elm Wood 4 Door Sideboard | Kaiku","","5502400","1643.00","1372.07","270.93","16.5"
"Kempton Grey Shagreen Effect and Walnut Veneer Media Unit | Kaiku","","5527514","1190.00","993.56","196.44","16.5"
"Ralph Three Seat Mink Velvet Right Chaise Sofa | Kaiku","","5528142","1632.00","1359.00","273.00","16.7"
"Siena Black and Natural Oak Wood Three Door Sideboard | Kaiku","","5528753","1460.00","1216.80","243.20","16.7"
"Lyon Beige Linen Dining Chair | Kaiku","","5501639","258.00","214.56","43.44","16.8"
"Cayden Small Smoked Black And Silver Vase | Kaiku","","5506533","36.00","29.92","6.08","16.9"
"Hampstead Acacia Wood and Silver Legs Dining Table | Kaiku","","5528991","689.00","572.81","116.19","16.9"
"Carta Black and White Stripe Papier Mache Table Lamp | Kaiku","","5511823","89.00","73.85","15.15","17.0"
"Simla Acacia Wood Media Unit | Kaiku","","5528448","675.00","558.19","116.81","17.3"
"Terni Gold Finish Wall Mirror | Kaiku","","5503962","192.00","158.64","33.36","17.4"
"Babylon Four Bulb Antique Gold Chandelier | Kaiku","","5511675","299.00","246.96","52.04","17.4"
"Riza Square And Tiled Design Wall Mirror | Kaiku","","5503234","127.00","104.52","22.48","17.7"
"Saronno Grey Marble Dining Table | Kaiku","","5528970","2389.00","1966.46","422.54","17.7"
"Sabia Green And Gold Three Tiered Plant Stand | Kaiku","","5509127","149.00","122.28","26.72","17.9"
"Revive Gold Finish Metal Floor Lamp | Kaiku","","2502341","124.00","101.69","22.31","18.0"
"Arlo Large Brown And Natural Wooden Planter | Kaiku","","5506575","78.00","63.96","14.04","18.0"
"Antler Nickel Finish and Black 4 Shade Chandelier | Kaiku","","5511152","297.00","243.60","53.40","18.0"
"Goa White Rattan Effect Hanging Chair with Grey Cushions | Kaiku","","2450048","314.00","257.27","56.73","18.1"
"Gala Black Glass Vanity Mirror with Drawers | Kaiku","","2401608","105.00","85.85","19.15","18.2"
"Abira Black Marble and Brass 5 Bulb Floor Lamp | Kaiku","","5511721","379.00","310.14","68.86","18.2"
"Rowan Two Seater Natural And Silver Woven Bamboo Small Sofa | Kaiku","","2405802","269.00","219.84","49.16","18.3"
"Darnell White And Black Large Planter | Kaiku","","5505798","119.00","97.20","21.80","18.3"
"Meissa Gold Finish Pendant Wall Mirror | Kaiku","","5503056","89.00","72.65","16.35","18.4"
"Lagom Black Natural Rattan Dining Chair | Kaiku","","2406754","178.00","144.82","33.18","18.6"
"Lyon Rattan and Oak Wood 2 Door Wardrobe | Kaiku","","5528694","1469.00","1195.79","273.21","18.6"
"Maxwell Stone Chenille Curved Swivel Dining Chair | Kaiku","","2407102","239.00","194.03","44.97","18.8"
"Carta Brown and White Stripe Papier Mache Table Lamp | Kaiku","","5511868","91.00","73.85","17.15","18.8"
"Revive Chrome Finish Floor Lamp | Kaiku","","2502340","159.00","128.88","30.12","18.9"
"Nandri Slatted Teak Wood Bench | Kaiku","","5502377","189.00","153.23","35.77","18.9"
"Laila Large White Round Dining Table | Kaiku","","2406656","306.29","247.55","58.74","19.2"
"Tundra Black And White Earthenware Planter | Kaiku","","5506673","48.00","38.80","9.20","19.2"
"Carta Black and White Stripe Papier Mache Domed Pendant Light | Kaiku","","5511870","197.00","159.23","37.77","19.2"
"Maka Grey Natural Rattan Stool | Kaiku","","2405640","97.00","78.20","18.80","19.4"
"Darnell Small White Planter | Kaiku","","5505793","78.00","62.89","15.11","19.4"
"Opus Woven Rope Chaise Longue with Cushions | Kaiku","","5528548","899.00","723.55","175.45","19.5"
"Carlotta Purple Mirrored Glass Wall Mirror | Kaiku","","1101291","249.00","200.10","48.90","19.6"
"Avento Set Of Two Round Black Plant Stands | Kaiku","","2406765","119.00","95.62","23.38","19.6"
"Hania Small Glass Vase with Abstract Pattern | Kaiku","","5506323","59.00","47.45","11.55","19.6"
