rank,cashProfit,listAt,sitePrice,stock,photos,ebayTitle,titleChars,needsWork,sku,siteSlug,sourceTitle
1,237.66,1186,1190,-,5,"Faux Shagreen Hampton Ivory Shagreen Chest of Drawers 90x45cm",61,,COD-04I,hampton-ivory-shagreen-chest-of-drawers,"Hampton Ivory Shagreen Chest of Drawers"
2,217.94,1088,1378,17,5,"Sorelle Two Seater Sofa with Cushions 97x197cm",46,,24370,sorelle-two-seater-sofa-with-cushions,"Sorelle Two Seater Sofa with Cushions"
3,216.27,1079,1150,-,5,"Broadway Oak Chest of Drawers 120x50cm",38,YES — too little stored detail, finish by hand,COD-05,broadway-oak-chest-of-drawers,"Broadway Oak Chest of Drawers"
4,216.27,1079,1100,-,8,"Charlton Ribbed Walnut Chest of Drawers 110x45cm",48,,COD-03,charlton-ribbed-walnut-chest-of-drawers,"Charlton Ribbed Walnut Chest of Drawers"
5,213.49,1064,1090,-,9,"Fabric Himbleton Green 3 Seater Sofa 218x88cm",45,,SO-03G,himbleton-green-3-seater-sofa,"Himbleton Green 3 Seater Sofa"
6,206.96,1033,1050,-,5,"Wood Huddington Black Sideboard 150x45cm",40,YES — too little stored detail, finish by hand,SB-06,huddington-black-sideboard,"Huddington Black Sideboard"
7,199.53,995,1188,40,5,"Brown Wood Light Up Bookcase 38x90cm",36,YES — too little stored detail, finish by hand,24652,shop-display-light-up-bookcase,"Light Up Bookcase"
8,180.91,903,980,-,8,"Charlton Ribbed Walnut Desk 120x50cm",36,YES — too little stored detail, finish by hand,D-11,charlton-ribbed-walnut-desk,"Charlton Ribbed Walnut Desk"
9,176.25,880,890,-,4,"Oak Metal Easton 2 Drawer Chest of Drawers 90x45cm",50,,COD-07,easton-2-drawer-chest-of-drawers,"Easton 2 Drawer Chest of Drawers"
10,164.16,819,829,-,6,"Faux Shagreen Hampton Brown Shagreen Console Table 122x38cm",59,,CO-14BR,hampton-brown-shagreen-console-table,"Hampton Brown Shagreen Console Table"
11,150.47,751,950,40,4,"Metal Large Black Multi Shelf Unit 40x100cm",43,YES — too little stored detail, finish by hand,22714,large-black-multi-shelf-unit,"Large Black Multi Shelf Unit"
12,134.4,670,670,-,4,"Metal Grafton Black Chest of Drawers 90x50cm",44,YES — too little stored detail, finish by hand,COD-06,grafton-black-chest-of-drawers,"Grafton Black Chest of Drawers"
13,130.69,651,680,-,9,"High Gloss Berkeley White Console Table 120x35cm",48,,CO-15,berkeley-white-console-table,"Berkeley White Console Table"
14,112.07,559,589,-,5,"Birch Alton White Chest of Drawers 90x45cm",42,YES — too little stored detail, finish by hand,COD-12W,alton-white-chest-of-drawers,"Alton White Chest of Drawers"
15,111.52,556,713,4,5,"Brown Wood Delphine Sliding Glass Dresser Top 38x126cm",54,,24658,delphine-collection-sliding-glass-dresser-top,"Delphine Collection Sliding Glass Dresser Top"
16,90.63,450,570,5,5,"Vellis Blue Wingback Armchair 84x76cm",37,YES — too little stored detail, finish by hand,24373,vellis-blue-wingback-armchair,"Vellis Blue Wingback Armchair"
17,84.94,424,570,12,5,"Grey Fabric Avia Mist Armchair 97x86cm",38,YES — too little stored detail, finish by hand,24489,avia-mist-armchair,"Avia Mist Armchair"
18,79.51,396,409,-,4,"MDF Overbury Coffee Table in Chocolate Brown 110x80cm",53,,KK-CT-OVB-BRN-001,overbury-coffee-table-chocolate-brown,"Overbury Coffee Table in Chocolate Brown"
19,75.8,377,720,-,5,"Pershore Rectangular Aged Oak Coffee Table 110x80cm",51,,KK-CT-PER-OAK-001,pershore-rectangular-aged-oak-coffee-table,"Pershore Rectangular Aged Oak Coffee Table"
20,72.99,364,395,-,9,"High Gloss Berkeley Black 1 Drawer Bedside Table 45x45cm",56,,BT-08B,berkeley-black-1-drawer-bedside-table,"Berkeley Black 1 Drawer Bedside Table"
21,72.99,364,375,-,4,"Metal Grafton Black Bedside Table 45x40cm",41,YES — too little stored detail, finish by hand,BT-05,grafton-black-bedside-table,"Grafton Black Bedside Table"
22,69.77,345,428,31,5,"Black Wood Contour 2 Drawer 2 Door Sideboard 35x80cm",52,,24332,contour-collection-2-drawer-2-door-sideboard,"Contour Collection 2 Drawer 2 Door Sideboard"
23,69.77,345,428,16,5,"Serene Rattan Coffee Table 60x120cm",35,YES — too little stored detail, finish by hand,23900,serene-rattan-coffee-table,"Serene Rattan Coffee Table"
24,66.54,331,418,1,5,"Capri Outdoor Foot Stool 56x81cm",32,YES — too little stored detail, finish by hand,22954,capri-collection-outdoor-foot-stool,"Capri Collection Outdoor Foot Stool"
25,64.63,322,399,17,4,"Neutral Metal Provence Outdoor Bistro Table 70x70cm",51,,24515,provence-collection-outdoor-bistro-table,"Provence Collection Outdoor Bistro Table"
26,64.05,318,390,33,5,"Zephra White Armchair 67x79cm",29,YES — too little stored detail, finish by hand,24367,zephra-white-armchair,"Zephra White Armchair"
27,62.73,313,390,1,5,"Neutral Metal Amalfi Outdoor Bistro Table With Wood Top 70x70cm",63,,23905,amalfi-collection-outdoor-bistro-table-with-wood-top,"Amalfi Collection Outdoor Bistro Table With Wood Top"
28,60.24,300,361,13,5,"Neutral Fabric Capri Outdoor Dining Chair",41,YES — too little stored detail, finish by hand,22951,capri-collection-outdoor-dining-chair,"Capri Collection Outdoor Dining Chair"
29,59.97,299,380,-,2,"Saltaire 3-Shelf Unit 45x153cm",30,YES — too little stored detail, finish by hand,24542,saltaire-collection-3-shelf-unit,"Saltaire Collection 3-Shelf Unit"
30,56.23,281,299,-,4,"Metal Norton Black Square End Table 56x56cm",43,YES — too little stored detail, finish by hand,ET-08,norton-black-square-end-table,"Norton Black Square End Table"
31,56.09,278,352,53,4,"Provence Outdoor Dining Chair 94x62cm",37,YES — too little stored detail, finish by hand,23904,provence-collection-outdoor-dining-chair,"Provence Collection Outdoor Dining Chair"
32,54.5,272,323,2,5,"Rutland Rectangular Bench 40x160cm",34,YES — too little stored detail, finish by hand,23981,rutland-rectangular-bench,"Rutland Rectangular Bench"
33,54.41,269,290,-,7,"Brown Large Round Gesso Table Lamp 46x46cm",42,YES — too little stored detail, finish by hand,LA-03,large-round-gesso-table-lamp,"Large Round Gesso Table Lamp"
34,54.18,269,333,5,5,"Solara Orb Pendant Ceiling Light 42x42cm",40,YES — too little stored detail, finish by hand,24456,solara-orb-pendant-ceiling-light,"Solara Orb Pendant Ceiling Light"
35,49.79,247,304,19,5,"Rutland Side Table 60x60cm",26,YES — too little stored detail, finish by hand,23983,rutland-side-table,"Rutland Side Table"
36,47.55,234,295,1,4,"Metal Large Circular Silver Wall Hanging Multi Shelf 22x92cm",60,,18772,large-circular-silver-wall-hanging-multi-shelf,"Large Circular Silver Wall Hanging Multi Shelf"
37,47.55,234,295,15,5,"Serene Three Drawer Bedside Table 43x48cm",41,YES — too little stored detail, finish by hand,23895,serene-three-drawer-bedside-table,"Serene Three Drawer Bedside Table"
38,43.16,212,257,23,5,"Brown Wood Haldon Large 1 Drawer Lamp Table 40x40cm",51,,24912,haldon-collection-large-1-drawer-lamp-table,"Haldon Collection Large 1 Drawer Lamp Table"
39,43.16,212,228,45,4,"Romanby Stone Round Coffee Table 60x60cm",40,YES — too little stored detail, finish by hand,24916,romanby-stone-round-coffee-table,"Romanby Stone Round Coffee Table"
40,41.84,207,257,10,2,"Ceramic Large Hammered Silver Astral Vase 40x40cm",49,,21717,large-hammered-silver-astral-vase,"Large Hammered Silver Astral Vase"
41,38.03,189,238,60,5,"Serene One Drawer Side Table 43x48cm",36,YES — too little stored detail, finish by hand,23894,serene-one-drawer-side-table,"Serene One Drawer Side Table"
42,37.44,185,219,67,6,"Grey Set Of Three Wooden Lanterns With Archway Design 31x31cm",61,,17461,set-of-three-wooden-lanterns-with-archway-design,"Set Of Three Wooden Lanterns With Archway Design"
43,31.39,154,186,74,3,"Grey Set Of Three Wooden Lanterns With Traditional Cross Section 31x31cm",72,,17459,set-of-three-wooden-lanterns-with-traditional-cross-section,"Set Of Three Wooden Lanterns With Traditional Cross Section"
44,31.39,154,186,117,5,"Camden One Drawer Side Table 38x50cm",36,YES — too little stored detail, finish by hand,23953,camden-one-drawer-side-table,"Camden One Drawer Side Table"
45,29.82,149,176,25,1,"Ceramic Garda Grey Glazed Juniper Vase 37x37cm",46,,21772,garda-grey-glazed-juniper-vase,"Garda Grey Glazed Juniper Vase"
46,29.82,149,176,12,5,"Black Metal Adjustable Tractor Seat 37x37cm",43,YES — too little stored detail, finish by hand,19925,adjustable-tractor-seat,"Adjustable Tractor Seat"
47,29.48,145,176,49,4,"Ceramic Hammered Silver Astral Vase 39x39cm",43,YES — too little stored detail, finish by hand,21718,hammered-silver-astral-vase,"Hammered Silver Astral Vase"
48,29.48,145,149,-,5,"Black Axis Shelf Unit With Glass Shelves 12x80cm",48,,24399,axis-shelf-unit-with-glass-shelves,"Axis Shelf Unit With Glass Shelves"
49,25.67,127,152,2,4,"Black Wood Contour Pet Feeder Table 28x60cm",43,YES — too little stored detail, finish by hand,24336,contour-collection-pet-feeder-table,"Contour Collection Pet Feeder Table"
50,25.67,127,152,29,5,"Camden Half Moon 3 Tier Table 33x71cm",37,YES — too little stored detail, finish by hand,23951,camden-half-moon-3-tier-table,"Camden Half Moon 3 Tier Table"
51,23.77,118,138,12,3,"Ceramic Downton Large Antique White Vase 39x39cm",48,,19501,downton-large-antique-white-vase,"Downton Large Antique White Vase"
52,23.77,118,138,105,4,"Solenne Table Lamp with Edged Linen Shade 41x41cm",49,,24440,solenne-table-lamp-edged-linen-shade,"Solenne Table Lamp with Edged Linen Shade"
53,20.95,101,119,117,5,"Sepia Shadows Squat Table Lamp With Linen Shade 35x35cm",55,,24686,sepia-shadows-squat-table-lamp-with-linen-shade,"Sepia Shadows Squat Table Lamp With Linen Shade"
54,20.95,101,119,258,5,"Seraphia Table Lamp with Edged Linen Shade 35x35cm",50,,24442,seraphia-table-lamp-edged-linen-shade,"Seraphia Table Lamp with Edged Linen Shade"
55,20.95,101,119,37,4,"White Beaded Ceramic Table Lamp with Linen Shade 40x40cm",56,,23732,white-beaded-ceramic-lamp-linen-shade,"White Beaded Ceramic Table Lamp with Linen Shade"
56,19.04,92,105,20,5,"Aged Stone Tall Ceramic Vase 28x28cm",36,YES — too little stored detail, finish by hand,19418,aged-stone-tall-ceramic-vase,"Aged Stone Tall Ceramic Vase"
57,19.04,92,105,59,5,"Resin Antique Gold Hare Table Lamp With Green Velvet Shade 25x25cm",66,,20696,antique-gold-hare-table-lamp-with-green-velvet-shade,"Antique Gold Hare Table Lamp With Green Velvet Shade"
58,19.04,92,105,108,4,"Camden Round Side Table 45x45cm",31,YES — too little stored detail, finish by hand,23949,camden-round-side-table,"Camden Round Side Table"
59,17.14,83,95,29,2,"Ceramic Garda Grey Glazed Tiber Vase 29x29cm",44,YES — too little stored detail, finish by hand,21775,garda-grey-glazed-tiber-vase,"Garda Grey Glazed Tiber Vase"
60,17.14,83,95,77,5,"Plastic Echo Putty Grey Chair 50x55cm",37,YES — too little stored detail, finish by hand,24298,echo-putty-grey-chair,"Echo Putty Grey Chair"
61,15.23,74,81,164,6,"Aged Stone Ceramic Vase 29x29cm",31,YES — too little stored detail, finish by hand,19417,aged-stone-ceramic-vase,"Aged Stone Ceramic Vase"
62,15.23,74,81,477,3,"Resin Antique Gold Marching Hares Lamp With Green Velvet Shade 28x28cm",70,,20695,antique-gold-marching-hares-lamp-with-green-velvet-shade,"Antique Gold Marching Hares Lamp With Green Velvet Shade"
63,15.23,74,74,-,4,"Green Plastic Kyra French Grey Chair 46x43cm",44,YES — too little stored detail, finish by hand,24308,kyra-french-grey-chair,"Kyra French Grey Chair"
64,13.33,65,65,-,3,"Blue Ceramic Medium Conran Vase 22x22cm",39,YES — too little stored detail, finish by hand,18282,medium-conran-vase,"Medium Conran Vase"
65,13.33,65,72,269,3,"White Ceramic Garda Glazed Gisela Vase 18x18cm",46,,20782,garda-glazed-gisela-vase,"Garda Glazed Gisela Vase"
66,13.33,65,72,8,4,"Ceramic Garda Grey Glazed Gisela Vase 17x17cm",45,,21761,garda-grey-glazed-gisela-vase,"Garda Grey Glazed Gisela Vase"
67,13.15,62,67,24,5,"White Ceramic Sona Large Hurricane Lantern With Lid 21x21cm",59,,24479,sona-large-hurricane-lantern-with-lid,"Sona Large Hurricane Lantern With Lid"
68,12,58,62,70,3,"Ceramic Large Grey Stone Effect Hurricane Lantern 20x20cm",57,,23661,large-grey-stone-effect-hurricane-lantern,"Large Grey Stone Effect Hurricane Lantern"
69,12,58,62,61,5,"Uthina Table Lamp 30x30cm",25,YES — too little stored detail, finish by hand,18552,uthina-table-lamp,"Uthina Table Lamp"
70,11.42,56,62,83,5,"Tarn Large Pot with Handles 32x27cm",35,YES — too little stored detail, finish by hand,24621,tarn-large-pot-with-handles,"Tarn Large Pot with Handles"
71,10.84,54,57,28,2,"Ceramic Garda Grey Glazed Chive Vase 23x23cm",44,YES — too little stored detail, finish by hand,21767,garda-grey-glazed-chive-vase,"Garda Grey Glazed Chive Vase"
72,10.67,51,53,186,5,"Symi Slim Table Lamp 22x22cm",28,YES — too little stored detail, finish by hand,18554,symi-slim-table-lamp,"Symi Slim Table Lamp"
73,10.67,51,53,170,5,"Teos Table Lamp 25x25cm",23,YES — too little stored detail, finish by hand,16288,teos-table-lamp,"Teos Table Lamp"
74,8.77,42,43,164,3,"Large Conical Ceramic Lattice Hurricane Lantern 17x17cm",55,,19428,large-conical-ceramic-lattice-hurricane-lantern,"Large Conical Ceramic Lattice Hurricane Lantern"
75,8.19,40,40,31,3,"Green Ceramic Garda Emerald Glazed Liv Vase 18x18cm",51,,21766,garda-emerald-glazed-liv-vase,"Garda Emerald Glazed Liv Vase"
76,6.87,33,33,-,4,"White Ceramic Rhea Large Lighthouse Tealight Holder 11x11cm",59,,24480,rhea-large-lighthouse-tealight-holder,"Rhea Large Lighthouse Tealight Holder"
77,6.74,32,33,-,2,"Metal 7.2m Plug In LED Warm White Cluster Micro Lights 6x6cm",60,,23674,7-2m-plug-in-led-warm-white-cluster-micro-lights,"7.2m Plug In LED Warm White Cluster Micro Lights"
78,6.28,31,33,-,2,"Brown Mirrored Glass Tristan Mirror And Wood 4X6 Frame 2x24cm",61,,20836,tristan-mirror-and-wood-4x6-frame,"Tristan Mirror And Wood 4X6 Frame"
79,6.13,27,27,-,4,"Plastic Blue Agapanthus Plant In Pot",36,YES — too little stored detail, finish by hand,23718,blue-agapanthus-plant-in-pot,"Blue Agapanthus Plant In Pot"
80,5.83,27,27,-,3,"White Plastic Luxe Natural Glow S/ 2 Ivory LED Dinner Candles 2x2cm",67,,21248,luxe-collection-natural-glow-s-2-ivory-led-dinner-candles,"Luxe Collection Natural Glow S/ 2 Ivory LED Dinner Candles"
81,5.07,22,23,-,4,"Eucalyptus Plant In Stone Effect Pot 19x19cm",44,YES — too little stored detail, finish by hand,22094,eucalyptus-plant-in-stone-effect-pot,"Eucalyptus Plant In Stone Effect Pot"
82,4.66,23,23,-,2,"Small Blue Flora Planter Pot 16x16cm",36,YES — too little stored detail, finish by hand,24724,small-blue-flora-planter-pot,"Small Blue Flora Planter Pot"
83,4.2,19,19,-,3,"Brown Large Rustic Metal Hanging Bell 8x8cm",43,YES — too little stored detail, finish by hand,24015,large-rustic-metal-hanging-bell,"Large Rustic Metal Hanging Bell"
