keep,listAt,landedCost,sitePrice,permitted,carriageKnown,photos,supplier,category,title,slug
913.42,4567,3584.52,4567,ASK SUPPLIER,NO,3,"Premier Housewares",shelving,"Lyon Washed Grey Oak Wood Large Bookcase With Ladder",lyon-washed-grey-oak-wood-large-bookcase-with-ladder
501.40,2506,1966.46,2745,ASK SUPPLIER,NO,8,"Premier Housewares",kitchen-furniture,"Saronno Grey Marble Dining Table",saronno-grey-marble-dining-table
424.52,2119,1662.14,2118,ASK SUPPLIER,NO,8,"Premier Housewares",sofas,"Troyes Cream Three Seat Right Chaise Sofa",troyes-cream-three-seat-right-chaise-sofa
424.52,2119,1662.14,2118,ASK SUPPLIER,NO,8,"Premier Housewares",sofas,"Troyes Cream Three Seat Left Chaise Sofa",troyes-cream-three-seat-left-chaise-sofa
424.52,2119,1662.14,2118,ASK SUPPLIER,NO,8,"Premier Housewares",sofas,"Troyes Grey Three Seat Right Chaise Sofa",troyes-grey-three-seat-right-chaise-sofa
424.52,2119,1662.14,2118,ASK SUPPLIER,NO,8,"Premier Housewares",sofas,"Troyes Grey Three Seat Left Chaise Sofa",troyes-grey-three-seat-left-chaise-sofa
404.68,2021,1585.45,2020,ASK SUPPLIER,NO,8,"Premier Housewares",living-room-storage,"Ulmus Black Elm Wood Sideboard",ulmus-black-elm-wood-sideboard
382.54,1909,1497.28,1908,ASK SUPPLIER,NO,8,"Premier Housewares",sofas,"Ordona Cream Linen 3 Seater Curved Sofa",ordona-cream-linen-3-seater-curved-sofa
374.93,1874,1470.41,1874,ASK SUPPLIER,NO,8,"Premier Housewares",sofas,"Anglet Cream Textured Fabric Large 3 Seater Sofa",anglet-cream-textured-fabric-large-3-seater-sofa
373.47,1866,1463.99,2328,yes,yes,5,"Hill Interiors",garden-furniture,"Provence Collection Outdoor 4 Seater Lounge Set",provence-collection-outdoor-4-seater-lounge-set
371.32,1853,1453.34,1852,ASK SUPPLIER,NO,8,"Premier Housewares",living-room-storage,"Kerala Natural Recycled Wood Sideboard",kerala-natural-recycled-wood-sideboard
351.95,1756,1377.16,1755,ASK SUPPLIER,NO,8,"Premier Housewares",living-room-storage,"Milan Grey Wash Recycled Elm Wood 4 Door Sideboard",milan-grey-wash-recycled-elm-wood-4-door-sideboard
350.15,1749,1372.07,1749,ASK SUPPLIER,NO,8,"Premier Housewares",living-room-storage,"Midas Recycled Elm Wood 4 Door Sideboard",midas-recycled-elm-wood-4-door-sideboard
346.47,1732,1359.00,1732,ASK SUPPLIER,NO,8,"Premier Housewares",sofas,"Ralph Three Seat Mink Velvet Right Chaise Sofa",ralph-three-seat-mink-velvet-right-chaise-sofa
338.92,1694,1329.12,1694,ASK SUPPLIER,NO,1,"Premier Housewares",kitchen-furniture,"Kerala Recycled Natural Wood Dining Table with Curved Legs",kerala-recycled-natural-wood-dining-table-with-curved-legs
337.08,1682,1319.14,1681,ASK SUPPLIER,NO,1,"Premier Housewares",kitchen-furniture,"Kerala Natural Recycled Wood Dining Table With Cross Base",kerala-natural-recycled-wood-dining-table-with-cross-base
324.77,1622,1272.35,1622,ASK SUPPLIER,NO,1,"Premier Housewares",tv-units,"Saronno Grey Marble Top Media Unit",saronno-grey-marble-top-media-unit
320.46,1599,1254.00,1598,ASK SUPPLIER,NO,8,"Premier Housewares",living-room-storage,"Luxor Grey Wash Recycled Pine Wood 4 Door Sideboard",luxor-grey-wash-recycled-pine-wood-4-door-sideboard
315.17,1575,1235.65,1575,ASK SUPPLIER,NO,8,"Premier Housewares",living-room-storage,"Kensington Townhouse Grey Wash and Antique Black Sideboard",kensington-townhouse-grey-wash-and-antique-black-sideboard
313.36,1565,1227.62,1565,ASK SUPPLIER,NO,1,"Premier Housewares",tv-units,"Spezia Grey Marble Top Media Unit",spezia-grey-marble-top-media-unit
310.39,1551,1216.80,1551,ASK SUPPLIER,NO,8,"Premier Housewares",living-room-storage,"Siena Black and Natural Oak Wood Three Door Sideboard",siena-black-and-natural-oak-wood-three-door-sideboard
309.38,1545,1211.89,1545,ASK SUPPLIER,NO,8,"Premier Housewares",living-room-storage,"Salem 4 Door Mango Wood Sideboard",salem-4-door-mango-wood-sideboard
306.29,1531,1201.19,1948,yes,yes,4,"Hill Interiors",garden-furniture,"Bloom Collection Outdoor Sofa",bloom-collection-outdoor-sofa
304.80,1524,1195.79,1524,ASK SUPPLIER,NO,8,"Premier Housewares",bedroom-storage,"Lyon Rattan and Oak Wood 2 Door Wardrobe",lyon-rattan-and-oak-wood-2-door-wardrobe
303.18,1512,1185.59,1853,yes,yes,3,"Hill Interiors",garden-furniture,"Provence Collection Outdoor 4 Seater Dining Set",provence-collection-outdoor-4-seater-dining-set
296.03,1478,1159.25,1478,ASK SUPPLIER,NO,8,"Premier Housewares",kitchen-furniture,"Torello Grey Mango Wood Oval Dining Table",torello-grey-mango-wood-oval-dining-table
295.04,1472,1154.33,1589,ASK SUPPLIER,NO,8,"Premier Housewares",kitchen-furniture,"Torello Mango Wood Oval Dining Table",torello-mango-wood-oval-dining-table
293.92,1469,1152.49,1469,ASK SUPPLIER,NO,1,"Premier Housewares",tv-units,"Deskey Grey Shagreen Effect Media Unit",deskey-grey-shagreen-effect-media-unit
286.94,1431,1122.04,1430,ASK SUPPLIER,NO,8,"Premier Housewares",sofas,"Surina 3 Seat Stone Fabric Sofa",surina-3-seat-stone-fabric-sofa
286.71,1430,1121.29,1429,ASK SUPPLIER,NO,8,"Premier Housewares",bedroom-storage,"Kyra Grey Wash Elm Wood Wardrobe",kyra-grey-wash-elm-wood-wardrobe
285.21,1424,1116.88,1424,ASK SUPPLIER,NO,1,"Premier Housewares",kitchen-furniture,"Lyon Whitewash Dining Table",lyon-whitewash-dining-table
280.38,1398,1096.10,1397,ASK SUPPLIER,NO,8,"Premier Housewares",living-room-storage,"Saira Carved Mango Wood 4 Door Sideboard",saira-carved-mango-wood-4-door-sideboard
275.14,1372,1075.73,1371,ASK SUPPLIER,NO,8,"Premier Housewares",living-room-storage,"Torcino Mango Wood Carved Design Marble Top Three Door Sideboard",torcino-mango-wood-carved-design-marble-top-three-door-sideboard
269.67,1345,1054.61,1344,ASK SUPPLIER,NO,8,"Premier Housewares",sofas,"Siena Three Seat Midnight Velvet Sofa",siena-three-seat-midnight-velvet-sofa
266.52,1332,1044.95,1332,ASK SUPPLIER,NO,8,"Premier Housewares",sofas,"Sabrina Three Seat Grey Velvet Sofa",sabrina-three-seat-grey-velvet-sofa
263.86,1319,1034.81,1319,ASK SUPPLIER,NO,8,"Premier Housewares",garden-furniture,"Opus Woven Rope 2 Seater Sofa with Grey Cushions",opus-woven-rope-2-seater-sofa-with-grey-cushions
263.70,1316,1032.01,1315,ASK SUPPLIER,NO,8,"Premier Housewares",kitchen-furniture,"Moda Black Faux Marble Rectangular Dining Table",moda-black-faux-marble-rectangular-dining-table
262.34,1310,1027.46,1310,ASK SUPPLIER,NO,1,"Premier Housewares",kitchen-furniture,"Ulmus Black Elm Wood Dining Table",ulmus-black-elm-wood-dining-table
255.65,1275,999.68,1274,ASK SUPPLIER,NO,8,"Premier Housewares",kitchen-furniture,"Lyon Grey Finish Oak Wood Dining Table",lyon-grey-finish-oak-wood-dining-table
255.23,1274,999.11,1274,ASK SUPPLIER,NO,8,"Premier Housewares",shelving,"Grenoble Brushed Brass Multi Tier Shelving Unit",grenoble-brushed-brass-multi-tier-shelving-unit
253.89,1267,993.56,1266,ASK SUPPLIER,NO,1,"Premier Housewares",tv-units,"Kempton Grey Shagreen Effect and Walnut Veneer Media Unit",kempton-grey-shagreen-effect-and-walnut-veneer-media-unit
252.65,1262,989.87,1262,ASK SUPPLIER,NO,8,"Premier Housewares",beds,"Loire White Super Kingsize Bed",loire-white-super-kingsize-bed
252.33,1259,987.23,1387,ASK SUPPLIER,NO,8,"Premier Housewares",sofas,"Avignon 3 Seat Textured Fabric Cream Sofa",avignon-3-seat-textured-fabric-cream-sofa
249.30,1246,977.46,1246,ASK SUPPLIER,NO,8,"Premier Housewares",living-room-storage,"Lyon Rattan and Oak Wood 4 Door Sideboard",lyon-rattan-and-oak-wood-4-door-sideboard
247.70,1235,968.22,1270,ASK SUPPLIER,NO,8,"Premier Housewares",beds,"Parkside Grey Fabric Super Kingsize Bed",parkside-grey-fabric-super-kingsize-bed
243.52,1215,952.70,1214,ASK SUPPLIER,NO,1,"Premier Housewares",tv-units,"Kensington Townhouse Grey Wash and Antique Black Media Unit",kensington-townhouse-grey-wash-and-antique-black-media-unit
243.44,1214,951.80,1213,ASK SUPPLIER,NO,8,"Premier Housewares",living-room-storage,"Nashik Large Acacia Sideboard",nashik-large-acacia-sideboard
237.66,1186,930.00,1163,yes,yes,5,"D.I. Designs",living-room-storage,"Abberley Black Oak Sideboard",abberley-black-oak-sideboard
237.66,1186,930.00,1190,yes,yes,5,"D.I. Designs",living-room-storage,"Hampton Ivory Shagreen Chest of Drawers",hampton-ivory-shagreen-chest-of-drawers
236.77,1180,924.98,1179,ASK SUPPLIER,NO,8,"Premier Housewares",sofas,"Ralph Three Seat Mink Velvet Sofa",ralph-three-seat-mink-velvet-sofa
236.19,1177,922.61,1176,ASK SUPPLIER,NO,8,"Premier Housewares",sofas,"Helia 3 Seat Olive Velvet Sofa",helia-3-seat-olive-velvet-sofa
236.19,1177,922.61,1176,ASK SUPPLIER,NO,8,"Premier Housewares",sofas,"Helia 3 Seat Blue Velvet Sofa",helia-3-seat-blue-velvet-sofa
234.89,1171,918.00,1148,yes,NO,6,"D.I. Designs",sofas,"Candover Neutral Upholstered Sofa",candover-neutral-sofa
233.28,1163,911.72,1162,ASK SUPPLIER,NO,7,"Premier Housewares",sofas,"Rania 3 Seat Black Dimity Fabric Sofa",rania-3-seat-black-dimity-fabric-sofa
231.40,1156,906.71,1156,ASK SUPPLIER,NO,1,"Premier Housewares",tv-units,"Jakara Natural Finish Carved Media Unit",jakara-natural-finish-carved-media-unit
231.40,1156,906.71,1156,ASK SUPPLIER,NO,1,"Premier Housewares",tv-units,"Jakara Black Finish Carved Media Unit",jakara-black-finish-carved-media-unit
229.74,1146,898.52,1145,ASK SUPPLIER,NO,8,"Premier Housewares",beds,"Loire White Kingsize Bed",loire-white-kingsize-bed
228.34,1141,895.00,1119,yes,yes,4,"D.I. Designs",sofas,"Wadborough 3 Seater Sofa in Neutral",wadborough-3-seater-sofa-neutral
225.95,1128,884.58,1128,ASK SUPPLIER,NO,8,"Premier Housewares",bedroom-storage,"Salem Mango Wood Chest of 4 Drawers",salem-mango-wood-chest-of-4-drawers
221.81,1109,870.00,1095,yes,NO,8,"D.I. Designs",tv-units,"Hampton Ivory Shagreen TV Unit",hampton-ivory-shagreen-tv-unit
218.28,1088,852.85,1087,ASK SUPPLIER,NO,8,"Premier Housewares",beds,"Loire White Double Bed",loire-white-double-bed
217.94,1088,853.19,1378,yes,yes,5,"Hill Interiors",sofas,"Sorelle Two Seater Sofa with Cushions",sorelle-two-seater-sofa-with-cushions
216.27,1079,846.00,1150,yes,yes,5,"D.I. Designs",living-room-storage,"Broadway Oak Chest of Drawers",broadway-oak-chest-of-drawers
216.27,1079,846.00,1100,yes,yes,8,"D.I. Designs",living-room-storage,"Charlton Ribbed Walnut Chest of Drawers",charlton-ribbed-walnut-chest-of-drawers
214.05,1069,838.36,1069,ASK SUPPLIER,NO,8,"Premier Housewares",living-room-storage,"Boho Patterned Mango Wood 2 Door Sideboard with Drawers",boho-patterned-mango-wood-2-door-sideboard-with-drawers
213.49,1064,834.00,1090,yes,yes,9,"D.I. Designs",sofas,"Himbleton Green 3 Seater Sofa",himbleton-green-3-seater-sofa
212.09,1059,830.47,1059,ASK SUPPLIER,NO,8,"Premier Housewares",living-room-storage,"Babel Travertine and Mango Wood 2 Door Curved Sideboard",babel-travertine-and-mango-wood-2-door-curved-sideboard
206.96,1033,810.00,1050,yes,yes,5,"D.I. Designs",living-room-storage,"Huddington Black Sideboard",huddington-black-sideboard
206.77,1031,808.21,1030,ASK SUPPLIER,NO,7,"Premier Housewares",kitchen-furniture,"Parkside Dark Oak Wood Round Dining Table",parkside-dark-oak-wood-round-dining-table
205.85,1028,806.18,1028,ASK SUPPLIER,NO,1,"Premier Housewares",kitchen-furniture,"Lyon Washed Grey Oak Wood and Glass Dining Table",lyon-washed-grey-oak-wood-and-glass-dining-table
204.18,1018,798.00,998,yes,yes,4,"D.I. Designs",coffee-tables,"Bentley Coffee Table in Oak",bentley-coffee-table-oak
202.75,1013,794.51,1013,ASK SUPPLIER,NO,8,"Premier Housewares",bedroom-storage,"Salvar Natural Oak and Elm Wood Chest of 5 Drawers",salvar-natural-oak-and-elm-wood-chest-of-5-drawers
202.68,1010,791.62,1009,ASK SUPPLIER,NO,8,"Premier Housewares",kitchen-furniture,"Parkside Oak Wood Round Dining Table",parkside-oak-wood-round-dining-table
199.53,995,779.99,1188,yes,yes,5,"Hill Interiors",shelving,"Light Up Bookcase",shop-display-light-up-bookcase
195.28,976,765.53,976,ASK SUPPLIER,NO,6,"Premier Housewares",console-tables,"Ulmus Black Elm Wood Console Table",ulmus-black-elm-wood-console-table
193.35,966,757.61,1135,ASK SUPPLIER,NO,8,"Premier Housewares",kitchen-furniture,"Brando Acacia Wood effect Dining Table",brando-acacia-wood-effect-dining-table
192.99,963,755.02,963,ASK SUPPLIER,NO,8,"Premier Housewares",shelving,"Ulmus Grey Elm Wood 4 Tier Bookshelf",ulmus-grey-elm-wood-4-tier-bookshelf
191.65,956,749.46,955,ASK SUPPLIER,NO,1,"Premier Housewares",tv-units,"Myan Acacia Wood and White Marble Media Unit",myan-acacia-wood-and-white-marble-media-unit
190.22,951,745.96,951,ASK SUPPLIER,NO,8,"Premier Housewares",sofas,"Hansa Three Seat Black Velvet Sofa",hansa-three-seat-black-velvet-sofa
190.14,948,743.09,947,ASK SUPPLIER,NO,8,"Premier Housewares",garden-furniture,"Opus Linen Fabric and Woven Rope 3 Seat Sofa",opus-linen-fabric-and-woven-rope-3-seat-sofa
187.16,932,730.31,989,ASK SUPPLIER,NO,7,"Premier Housewares",sofas,"Hasna Three Seat Grey Velvet Sofa",hasna-three-seat-grey-velvet-sofa
187.16,932,730.31,989,ASK SUPPLIER,NO,7,"Premier Housewares",sofas,"Hasna Three Seat Black Velvet Sofa",hasna-three-seat-black-velvet-sofa
185.06,923,723.55,922,ASK SUPPLIER,NO,8,"Premier Housewares",garden-furniture,"Opus Woven Rope Chaise Longue with Cushions",opus-woven-rope-chaise-longue-with-cushions
183.31,915,717.42,915,ASK SUPPLIER,NO,6,"Premier Housewares",console-tables,"Lena Oak Veneer Console Table with Brushed Gold Frame",lena-oak-veneer-console-table-with-brushed-gold-frame
182.78,911,714.00,893,yes,yes,5,"D.I. Designs",coffee-tables,"Elmley Coffee Table in Ivory",elmley-coffee-table-ivory
180.91,903,708.00,980,yes,yes,8,"D.I. Designs",desks,"Charlton Ribbed Walnut Desk",charlton-ribbed-walnut-desk
178.70,891,698.39,1045,yes,yes,3,"Hill Interiors",shelving,"Multi Shelf Industrial Shelf Unit",multi-shelf-industrial-shelf-unit
177.43,887,695.71,887,ASK SUPPLIER,NO,8,"Premier Housewares",kitchen-furniture,"Persolo Mango Wood Live Edge Black Metal legs Dining Table",persolo-mango-wood-live-edge-black-metal-legs-dining-table
177.31,885,693.86,885,ASK SUPPLIER,NO,1,"Premier Housewares",kitchen-furniture,"Weston Marble Effect Dining Table with 6 Chairs Set",weston-marble-effect-dining-table-with-6-chairs-set
176.67,882,691.55,937.98,ASK SUPPLIER,yes,4,"Aosom",garden-furniture,"7-Piece Rattan Sofa Set with Fire Pit Table, Grey",outsunny-seven-piece-firepit-table-rattan-sofa-set-grey
176.25,880,690.00,890,yes,NO,4,"D.I. Designs",living-room-storage,"Easton 2 Drawer Chest of Drawers",easton-2-drawer-chest-of-drawers
176.25,880,690.00,863,yes,yes,5,"D.I. Designs",console-tables,"Elmley Ivory Console Table",elmley-ivory-console-table
175.93,876,686.38,875,ASK SUPPLIER,NO,8,"Premier Housewares",coffee-tables,"Imperia 2 Tier Large Asymmetrical Ceramic Coffee Table",imperia-2-tier-large-asymmetrical-ceramic-coffee-table
175.74,878,688.54,878,ASK SUPPLIER,NO,5,"Premier Housewares",coffee-tables,"Ulmus Black Elm Wood Coffee Table",ulmus-black-elm-wood-coffee-table
175.38,876,686.93,876,ASK SUPPLIER,NO,1,"Premier Housewares",kitchen-furniture,"Westford Rectangle Dining Table with 6 Chairs Set",westford-rectangle-dining-table-with-6-chairs-set
175.38,876,686.93,876,ASK SUPPLIER,NO,1,"Premier Housewares",kitchen-furniture,"Westford Dining Table with 6 Chairs Set",westford-dining-table-with-6-chairs-set
174.94,873,684.42,873,ASK SUPPLIER,NO,8,"Premier Housewares",garden-furniture,"Opus Grey Woven Rope Three Seater Sofa with Cushions",opus-grey-woven-rope-three-seater-sofa-with-cushions
174.62,870,681.78,837,ASK SUPPLIER,NO,8,"Premier Housewares",console-tables,"Fusion Two Drawers with Bone Inlay Console Table",fusion-two-drawers-with-bone-inlay-console-table
171.83,859,673.73,859,ASK SUPPLIER,NO,1,"Premier Housewares",kitchen-furniture,"Weston Round Marble Effect Dining Table with 6 Chairs Set",weston-round-marble-effect-dining-table-with-6-chairs-set
168.04,840,658.81,809,ASK SUPPLIER,NO,1,"Premier Housewares",kitchen-furniture,"Lyon Natural Oak Wood Round Dining Table",lyon-natural-oak-wood-round-dining-table
166.62,833,653.33,833,ASK SUPPLIER,NO,8,"Premier Housewares",garden-furniture,"Opus Rope Woven Longue Bench with Cushions",opus-rope-woven-longue-bench-with-cushions
164.16,819,642.00,829,yes,yes,6,"D.I. Designs",console-tables,"Hampton Brown Shagreen Console Table",hampton-brown-shagreen-console-table
163.47,817,640.73,817,ASK SUPPLIER,NO,8,"Premier Housewares",garden-furniture,"Opus 3 Seat Rope Woven Sofa with Grey Cushions",opus-3-seat-rope-woven-sofa-with-grey-cushions
163.09,812,636.18,811,ASK SUPPLIER,NO,8,"Premier Housewares",bedroom-storage,"Sarter Black Mango Wood Chest of 4 Drawers",sarter-black-mango-wood-chest-of-4-drawers
161.79,808,633.54,863.29,ASK SUPPLIER,yes,4,"Aosom",garden-furniture,"All-Season Rattan Sofa Set with 50,000 BTU Fire Table, Grey",outsunny-all-season-fire-pit-patio-furniture-set-wicker-sofa-set-with-50000-btu-fire-table
161.05,802,628.37,898,ASK SUPPLIER,NO,1,"Premier Housewares",tv-units,"Babel Travertine and Mango Wood Curved Media Unit",babel-travertine-and-mango-wood-curved-media-unit
158.25,791,620.33,791,ASK SUPPLIER,NO,8,"Premier Housewares",kitchen-furniture,"Imperia Ceramic Marble Effect Rectangular Dining Table",imperia-ceramic-marble-effect-rectangular-dining-table
157.63,788,618.00,773,yes,yes,6,"D.I. Designs",living-room-storage,"Abberley White Chest of Drawers",abberley-white-chest-of-drawers
154.86,773,606.00,758,yes,yes,5,"D.I. Designs",desks,"Abberley White Desk",abberley-white-desk
154.34,771,604.55,799,ASK SUPPLIER,NO,1,"Premier Housewares",tv-units,"Surati Sheesham And Acacia Wood Media Unit",surati-sheesham-and-acacia-wood-media-unit
153.57,767,601.38,767,ASK SUPPLIER,NO,1,"Premier Housewares",tv-units,"Nashik Three Drawer Acacia Media Unit",nashik-three-drawer-acacia-media-unit
152.54,759,594.53,758,ASK SUPPLIER,NO,1,"Premier Housewares",kitchen-furniture,"Wimslow BlackTempered Glass Dining Table with 6 Chairs",wimslow-blacktempered-glass-dining-table-with-6-chairs
150.89,752,589.28,751,ASK SUPPLIER,NO,1,"Premier Housewares",kitchen-furniture,"Vermont White Wash Round Dining Table with 4 Chairs Set",vermont-white-wash-round-dining-table-with-4-chairs-set
150.47,751,588.71,950,yes,yes,4,"Hill Interiors",shelving,"Large Black Multi Shelf Unit",large-black-multi-shelf-unit
148.99,742,581.33,741,ASK SUPPLIER,NO,8,"Premier Housewares",console-tables,"Kerala Recycled Natural Wood Console Table with Curved Legs",kerala-recycled-natural-wood-console-table-with-curved-legs
147.14,734,575.30,805.09,ASK SUPPLIER,yes,4,"Aosom",garden-furniture,"L-Shaped 8-Seater Aluminium Garden Dining Set with Bench, Grey",outsunny-4-piece-l-shaped-garden-furniture-set-8-seater-aluminium-outdoor-dining-set-conve
146.68,731,572.81,730,ASK SUPPLIER,NO,1,"Premier Housewares",kitchen-furniture,"Hampstead Acacia Wood and Silver Legs Dining Table",hampstead-acacia-wood-and-silver-legs-dining-table
145.55,727,570.00,713,yes,yes,4,"D.I. Designs",console-tables,"Bentley Grey Aged Oak Console Table",bentley-grey-aged-oak-console-table
144.80,721,564.83,720,ASK SUPPLIER,NO,8,"Premier Housewares",desks,"Grenoble Oak Veneer 2 Drawer Desk",grenoble-oak-veneer-2-drawer-desk
142.58,712,558.19,712,ASK SUPPLIER,NO,1,"Premier Housewares",tv-units,"Simla Acacia Wood Media Unit",simla-acacia-wood-media-unit
141.31,706,553.55,706,ASK SUPPLIER,NO,8,"Premier Housewares",console-tables,"Sagor Mango Wood Console Table with Drawers",sagor-mango-wood-console-table-with-drawers
140.62,702,550.30,795,ASK SUPPLIER,yes,2,"AW Dropship",rustic-reclaimed-furniture,"Reclaimed Teak Sideboard Console Table with 6 Drawers",reclaimed-teak-sideboard-console-table-6-drawers
139.47,697,546.53,699,ASK SUPPLIER,NO,8,"Premier Housewares",garden-furniture,"Opus 3 Seater Woven Rope Sofa",opus-3-seater-woven-rope-sofa
138.98,692,542.09,691,ASK SUPPLIER,NO,8,"Premier Housewares",bedroom-storage,"Gaya Mango Wood Chest of 5 Drawers",gaya-mango-wood-chest-of-5-drawers
138.23,689,539.89,689,ASK SUPPLIER,NO,8,"Premier Housewares",sofas,"Hatton Grey Velvet Sofa Bed",hatton-grey-velvet-sofa-bed
137.08,683,535.13,745,ASK SUPPLIER,NO,1,"Premier Housewares",kitchen-furniture,"Wimslow Smoked Glass Dining Table with 6 Chairs Set",wimslow-smoked-glass-dining-table-with-6-chairs-set
136.79,682,534.43,718.76,ASK SUPPLIER,yes,4,"Aosom",garden-furniture,"6-Piece Rattan Corner Sofa Set with Glass-Top Table, Grey",outsunny-6-pieces-outdoor-pe-rattan-wicker-corner-sofa-set-with-10cm-thick-padded-cushions
136.24,681,534.00,668,yes,yes,4,"D.I. Designs",sofas,"Mickleton Cream Chenille Armchair",mickleton-cream-chenille-armchair
135.04,672,526.33,671,ASK SUPPLIER,NO,8,"Premier Housewares",console-tables,"Luxor Grey Wash Recycled Pine Wood Console Table with Drawers",luxor-grey-wash-recycled-pine-wood-console-table-with-drawers
134.41,669,524.00,655,yes,yes,4,"D.I. Designs",coffee-tables,"Witley Coffee Table",witley-coffee-table
134.40,670,525.00,670,yes,yes,4,"D.I. Designs",living-room-storage,"Grafton Black Chest of Drawers",grafton-black-chest-of-drawers
132.57,662,518.95,664,ASK SUPPLIER,NO,8,"Premier Housewares",coffee-tables,"Imperia Round Grey Glass And Ceramic Large Coffee Table",imperia-round-grey-glass-and-ceramic-large-coffee-table
130.69,651,510.00,680,yes,yes,9,"D.I. Designs",console-tables,"Berkeley White Console Table",berkeley-white-console-table
129.29,646,506.47,646,ASK SUPPLIER,NO,1,"Premier Housewares",tv-units,"Hampstead White Media Unit with Oak Wood Top",hampstead-white-media-unit-with-oak-wood-top
128.77,641,502.07,874,ASK SUPPLIER,yes,4,"AW Dropship",rustic-reclaimed-furniture,"Tamarind & Resin Coffee Table – Aqua",tamarind-resin-coffee-table-aqua
128.54,639,500.33,638,ASK SUPPLIER,NO,6,"Premier Housewares",console-tables,"Waris Cream Marble Top and Black Mango Wood Console Table",waris-cream-marble-top-and-black-mango-wood-console-table
127.52,637,499.38,637,ASK SUPPLIER,NO,8,"Premier Housewares",sofas,"Hatton Green Velvet Sofa Bed",hatton-green-velvet-sofa-bed
126.79,632,495.18,850,ASK SUPPLIER,yes,3,"AW Dropship",rustic-reclaimed-furniture,"Large Reclaimed Wood TV Stand with 2 Drawers & Open Shelving",large-reclaimed-wood-tv-stand-2-drawers
126.00,629,493.02,640,ASK SUPPLIER,NO,8,"Premier Housewares",beds,"Hannah Mink Velvet Ottoman King Bed",hannah-mink-velvet-ottoman-king-bed
125.29,624,488.80,623,ASK SUPPLIER,NO,8,"Premier Housewares",living-room-storage,"Marwar Mango Wood Sideboard",marwar-mango-wood-sideboard
124.81,623,488.29,680,ASK SUPPLIER,yes,2,"AW Dropship",rustic-reclaimed-furniture,"Reclaimed Teak Console Table with 3 Drawers",reclaimed-teak-console-table-3-drawers
124.15,620,486.00,608,yes,yes,5,"D.I. Designs",console-tables,"Abberley One Drawer Black Console Table",abberley-one-drawer-black-console-table
121.38,605,474.00,593,yes,yes,4,"D.I. Designs",bedside-tables,"Hampton Grey Bedside Table",hampton-grey-bedside-table
121.36,606,475.00,594,yes,yes,4,"D.I. Designs",console-tables,"Grafton Black Console Table",grafton-black-console-table
120.97,603,472.43,603,ASK SUPPLIER,NO,7,"Premier Housewares",garden-furniture,"Opus Grey Woven Rope and Stone Round Coffee Table",opus-grey-woven-rope-and-stone-round-coffee-table
120.40,602,472.02,598.48,ASK SUPPLIER,yes,4,"Aosom",garden-furniture,"5-Piece Aluminium Garden Sofa Set with Glass-Top Table, Grey",outsunny-five-piece-aluminium-garden-sofa-set-with-glass-top-table-grey
118.94,593,464.62,593,ASK SUPPLIER,NO,1,"Premier Housewares",garden-furniture,"Goa Black Rattan Effect Double Hanging Chair",goa-black-rattan-effect-double-hanging-chair
118.67,590,461.93,589,ASK SUPPLIER,NO,8,"Premier Housewares",kitchen-furniture,"Imperia Ceramic Marble Effect Round Dining Table",imperia-ceramic-marble-effect-round-dining-table
118.59,592,463.98,619,ASK SUPPLIER,NO,8,"Premier Housewares",beds,"Hannah Grey Ottoman King Bed",hannah-grey-ottoman-king-bed
117.37,584,457.32,583,ASK SUPPLIER,NO,1,"Premier Housewares",garden-furniture,"Manado Natural Rattan Sofa with Cushions",manado-natural-rattan-sofa-with-cushions
115.92,579,453.84,599,ASK SUPPLIER,yes,2,"AW Dropship",rustic-reclaimed-furniture,"Reclaimed Teak Dining Table 180cm",reclaimed-teak-dining-table-180cm
114.84,574,450.00,563,yes,yes,4,"D.I. Designs",bedside-tables,"Hampton Ivory Round Bedside Table",hampton-ivory-round-bedside-table
114.84,574,450.00,563,yes,yes,6,"D.I. Designs",sofas,"Kington Grey Club Chair",kington-grey-club-chair
114.84,574,450.00,563,yes,yes,9,"D.I. Designs",side-tables,"Leckford Ribbed Black Oak Occasional Table",leckford-ribbed-black-oak-occasional-table
114.22,568,444.71,659,ASK SUPPLIER,NO,1,"Premier Housewares",garden-furniture,"Manado Natural Rattan Long Bench with Cushion",manado-natural-rattan-long-bench-with-cushion
113.95,567,444.00,555,yes,yes,5,"D.I. Designs",coffee-tables,"Abberley Coffee Table in Brown",abberley-coffee-table-brown
113.77,567,444.18,567,ASK SUPPLIER,NO,1,"Premier Housewares",garden-furniture,"Goa Black Rattan Effect Double Hanging Chair With Grey Cushions",goa-black-rattan-effect-double-hanging-chair-with-grey-cushions
112.49,559,437.58,599,ASK SUPPLIER,NO,8,"Premier Housewares",beds,"Hannah Beige Ottoman Double Bed",hannah-beige-ottoman-double-bed
112.35,561,439.69,561,ASK SUPPLIER,NO,8,"Premier Housewares",living-room-storage,"Marwar Mango Wood and Leather Sideboard",marwar-mango-wood-and-leather-sideboard
112.07,559,438.00,589,yes,yes,5,"D.I. Designs",living-room-storage,"Alton White Chest of Drawers",alton-white-chest-of-drawers
112.07,559,438.00,548,yes,yes,5,"D.I. Designs",side-tables,"Hampton Ivory Shagreen Nest of Tables",hampton-ivory-shagreen-nest-of-tables
111.89,559,438.17,595,ASK SUPPLIER,NO,8,"Premier Housewares",beds,"Hannah Mink Velvet Ottoman Double Bed",hannah-mink-velvet-ottoman-double-bed
111.67,558,437.41,564,ASK SUPPLIER,NO,8,"Premier Housewares",sofas,"Hayton Black Velvet Sofa Bed",hayton-black-velvet-sofa-bed
111.52,556,435.59,713,yes,yes,5,"Hill Interiors",living-room-storage,"Delphine Collection Sliding Glass Dresser Top",delphine-collection-sliding-glass-dresser-top
111.19,555,434.94,555,ASK SUPPLIER,NO,1,"Premier Housewares",tv-units,"Marwar Mango Wood and Leather Media Unit",marwar-mango-wood-and-leather-media-unit
109.58,547,428.66,547,ASK SUPPLIER,NO,8,"Premier Housewares",console-tables,"Babel Travertine and Mango Wood Curved Console Table",babel-travertine-and-mango-wood-curved-console-table
109.45,545,426.83,544,ASK SUPPLIER,NO,7,"Premier Housewares",coffee-tables,"Lena Oak Veneer Coffee Table with Brushed Gold Legs",lena-oak-veneer-coffee-table-with-brushed-gold-legs
109.29,544,426.00,533,yes,yes,6,"D.I. Designs",bedside-tables,"Hampton Ivory Square Bedside Table",hampton-ivory-square-bedside-table
108.61,540,422.74,539,ASK SUPPLIER,NO,6,"Premier Housewares",coffee-tables,"Hampstead White and Oak Wood Coffee Table with Drawers",hampstead-white-and-oak-wood-coffee-table-with-drawers
107.78,536,419.63,535,ASK SUPPLIER,NO,5,"Premier Housewares",console-tables,"Boho Mango Wood with Bone Inlay Console Table",boho-mango-wood-with-bone-inlay-console-table
106.52,529,414.00,518,yes,yes,4,"D.I. Designs",side-tables,"Elmley Grey End Table",elmley-grey-end-table
106.25,531,416.24,531,ASK SUPPLIER,NO,8,"Premier Housewares",coffee-tables,"Palermo Round Travertine Top Large Coffee Table",palermo-round-travertine-top-large-coffee-table
106.25,531,416.24,531,ASK SUPPLIER,NO,8,"Premier Housewares",coffee-tables,"Palermo Round Cream Marble Top Large Coffee Table",palermo-round-cream-marble-top-large-coffee-table
105.99,527,412.55,589.75,ASK SUPPLIER,yes,4,"Aosom",garden-furniture,"5-Piece Rattan Garden Set with Gas Fire Pit Table, Grey",outsunny-5-piece-rattan-patio-furniture-set-with-gas-fire-pit-table-loveseat-sofa-armchair
104.55,522,409.07,522,ASK SUPPLIER,NO,7,"Premier Housewares",console-tables,"Hampstead Natural And Silver Console Table",hampstead-natural-and-silver-console-table
103.91,516,403.80,529,ASK SUPPLIER,NO,1,"Premier Housewares",garden-furniture,"Trento Round Rattan and Antique Gold Finish Coffee Table",trento-round-rattan-and-antique-gold-finish-coffee-table
101.86,506,396.00,495,yes,yes,5,"D.I. Designs",bedside-tables,"Broadway Oak Bedside Table",broadway-oak-bedside-table
101.85,508,397.98,631,ASK SUPPLIER,NO,8,"Premier Housewares",beds,"Hannah Grey Velvet Ottoman Bed Double",hannah-grey-velvet-ottoman-bed-double
99.98,498,390.00,488,yes,yes,3,"D.I. Designs",console-tables,"Five Black Console Table",five-black-console-table
99.20,495,387.83,618,yes,yes,5,"Hill Interiors",sofas,"Boucle Ribbed Ark Chair",boucle-ribbed-ark-chair
99.14,495,387.89,523,ASK SUPPLIER,NO,1,"Premier Housewares",tv-units,"Lombok Rustic Chevron and Black Frame Media Unit",lombok-rustic-chevron-and-black-frame-media-unit
98.07,487,381.08,598.99,ASK SUPPLIER,yes,2,"AW Dropship",rustic-reclaimed-furniture,"Tall Reclaimed Teak Chest of 5 Drawers",tall-reclaimed-teak-chest-5-drawers
97.73,487,381.41,487,ASK SUPPLIER,NO,1,"Premier Housewares",kitchen-furniture,"Azalea Round White Marble Top Dining Table",azalea-round-white-marble-top-dining-table
97.56,486,380.60,489,ASK SUPPLIER,NO,8,"Premier Housewares",coffee-tables,"Palermo Round White Marble Top Large Coffee Table",palermo-round-white-marble-top-large-coffee-table
97.42,485,379.76,485,ASK SUPPLIER,NO,7,"Premier Housewares",console-tables,"Obra Cream Mother of Pearl Console Table",obra-cream-mother-of-pearl-console-table
97.03,483,378.18,489,ASK SUPPLIER,NO,1,"Premier Housewares",kitchen-furniture,"Azalea Large Black Conical Base Round Dining Table",azalea-large-black-conical-base-round-dining-table
95.75,475,371.58,589,ASK SUPPLIER,NO,8,"Premier Housewares",beds,"Josephine Mink King Bed",josephine-mink-king-bed
95.18,474,371.16,464,ASK SUPPLIER,yes,2,"AW Dropship",rustic-reclaimed-furniture,"Large Reclaimed Wood Coffee Table",large-reclaimed-wood-coffee-table
95.16,474,371.18,474,ASK SUPPLIER,NO,7,"Premier Housewares",coffee-tables,"Naro Mango Wood And Gold Finishing Coffee Table",naro-mango-wood-and-gold-finishing-coffee-table
92.77,461,360.77,460,ASK SUPPLIER,NO,8,"Premier Housewares",side-tables,"Lena Oak Veneer Round Side Table with Brushed Gold Legs",lena-oak-veneer-round-side-table-with-brushed-gold-legs
91.99,457,357.60,456,ASK SUPPLIER,NO,8,"Premier Housewares",kitchen-furniture,"Hazel Natural Oak Wood and Grey Fur Dining Chair",hazel-natural-oak-wood-and-grey-fur-dining-chair
91.61,458,358.97,458,ASK SUPPLIER,NO,8,"Premier Housewares",console-tables,"Palermo Travertine Top and Black Acacia Wood Console Table",palermo-travertine-top-and-black-acacia-wood-console-table
91.61,458,358.97,458,ASK SUPPLIER,NO,7,"Premier Housewares",console-tables,"Palermo Travertine Top and Brown Acacia Wood Console Table",palermo-travertine-top-and-brown-acacia-wood-console-table
90.67,452,354.00,443,yes,yes,7,"D.I. Designs",bedside-tables,"Charlton Ribbed Walnut 2 Drawer Bedside Table",charlton-ribbed-walnut-2-drawer-bedside-table
90.66,453,355.00,449,yes,yes,4,"D.I. Designs",coffee-tables,"Crofton White Marble Coffee Table",crofton-white-marble-coffee-table
90.63,450,352.07,570,yes,yes,5,"Hill Interiors",sofas,"Vellis Blue Wingback Armchair",vellis-blue-wingback-armchair
89.50,447,350.24,559,ASK SUPPLIER,yes,4,"Aosom",garden-furniture,"6-Piece Rattan Garden Sofa Set with Washable Covers, Grey",6-piece-rattan-garden-sofa-set-with-washable-covers-grey
88.78,443,347.03,589,ASK SUPPLIER,NO,1,"Premier Housewares",tv-units,"Arti Mango Wood and Brass Effect Media Unit",arti-mango-wood-and-brass-effect-media-unit
88.78,443,347.03,443,ASK SUPPLIER,NO,5,"Premier Housewares",coffee-tables,"Barola Round Brown Marble and Dark Mango Wood Carved Coffee Table",barola-round-brown-marble-and-dark-mango-wood-carved-coffee-table
88.78,443,347.03,443,ASK SUPPLIER,NO,5,"Premier Housewares",side-tables,"Barola Round Brown Marble and Mango Wood Carved Tiered Side Table",barola-round-brown-marble-and-mango-wood-carved-tiered-side-table
88.76,443,347.04,443,ASK SUPPLIER,NO,4,"Premier Housewares",side-tables,"Chiswick Oak Wood Side Table",chiswick-oak-wood-side-table
88.76,443,347.04,443,ASK SUPPLIER,NO,6,"Premier Housewares",side-tables,"Lena Oak Veneer Rectangular Side Table with Brushed Gold Legs",lena-oak-veneer-rectangular-side-table-with-brushed-gold-legs
87.88,436,341.03,435,ASK SUPPLIER,NO,8,"Premier Housewares",garden-furniture,"Lovina Wood And Natural Rattan Lounge Chair",lovina-wood-and-natural-rattan-lounge-chair
86.02,429,336.00,420,yes,NO,5,"D.I. Designs",console-tables,"Alton White Console Table",alton-white-console-table
84.94,424,332.15,570,yes,yes,5,"Hill Interiors",sofas,"Avia Mist Armchair",avia-mist-armchair
84.63,420,328.52,465,ASK SUPPLIER,yes,4,"Aosom",garden-furniture,"6-Seater Garden Dining Set with Stackable Chairs",outsunny-6-seater-garden-dining-set-with-stackable-chairs-aluminium-frame-rectangular-plas
82.99,413,323.27,413,ASK SUPPLIER,NO,1,"Premier Housewares",garden-furniture,"Goa Natural Rattan Effect Hanging Chair",goa-natural-rattan-effect-hanging-chair
82.99,413,323.27,413,ASK SUPPLIER,NO,8,"Premier Housewares",console-tables,"Naro Mango Wood and Gold Finish Console Table",naro-mango-wood-and-gold-finish-console-table
81.36,406,318.00,399,yes,yes,6,"D.I. Designs",bedside-tables,"Abberley White Bedside Table",abberley-white-two-drawer-bedside-table
81.30,404,316.09,489,ASK SUPPLIER,yes,4,"Aosom",garden-furniture,"7-Seater Rattan Sofa Set with Glass-Top Table, Dark Blue",outsunny-7-seater-patio-wicker-sofa-set-rattan-chair-furniture-w-glass-cushioned-dark-blue
81.06,402,314.36,423,ASK SUPPLIER,NO,8,"Premier Housewares",console-tables,"Boho Black and White Two Drawer Console Table",boho-black-and-white-two-drawer-console-table
79.51,396,310.00,409,yes,yes,4,"D.I. Designs",coffee-tables,"Overbury Coffee Table in Chocolate Brown",overbury-coffee-table-chocolate-brown
76.98,384,300.71,523,yes,yes,5,"Hill Interiors",shelving,"Alto Shelf Unit With Glass Shelves",alto-shelf-unit-with-glass-shelves
76.68,382,299.04,400,ASK SUPPLIER,NO,8,"Premier Housewares",bedside-tables,"Kensington Townhouse Brown And White Hair on Leather Side Table",kensington-townhouse-brown-and-white-hair-on-leather-side-table
75.80,377,295.00,720,yes,yes,5,"D.I. Designs",coffee-tables,"Pershore Rectangular Aged Oak Coffee Table",pershore-rectangular-aged-oak-coffee-table
75.79,377,295.01,425.82,ASK SUPPLIER,yes,4,"Aosom",garden-furniture,"8-Seater Rattan Corner Dining Set with Footstool, Black",outsunny-8-seater-garden-rattan-furniture-rattan-corner-dining-sofa-set-wicker-conservator
75.55,377,295.24,420.97,ASK SUPPLIER,yes,4,"Aosom",garden-furniture,"6-Piece Aluminium Sectional Garden Sofa Set, Grey",outsunny-6-piece-outdoor-couch-sectional-sofa-set-with-aluminum-patio-conversation-furnitu
75.52,376,294.29,397,ASK SUPPLIER,NO,8,"Premier Housewares",kitchen-furniture,"Perdoba Cream Textured Linen Dining Chair with Black Metal Frame",perdoba-cream-textured-linen-dining-chair-with-black-metal-frame
75.02,373,291.84,495,ASK SUPPLIER,NO,5,"Premier Housewares",bedside-tables,"Dorsino Ivory Wood Veneer Two Drawer Bedside Table",dorsino-ivory-wood-veneer-two-drawer-bedside-table
73.97,369,288.95,369,ASK SUPPLIER,NO,1,"Premier Housewares",garden-furniture,"Goa Natural Rattan Effect Chair",goa-natural-rattan-effect-chair
73.27,363,283.73,365,ASK SUPPLIER,NO,8,"Premier Housewares",kitchen-furniture,"Torello Boucle Fabric and Mango Wood Dining Chair",torello-boucle-fabric-and-mango-wood-dining-chair
72.99,364,285.00,395,yes,yes,9,"D.I. Designs",bedside-tables,"Berkeley Black 1 Drawer Bedside Table",berkeley-black-1-drawer-bedside-table
72.99,364,285.00,375,yes,yes,4,"D.I. Designs",bedside-tables,"Grafton Black Bedside Table",grafton-black-bedside-table
72.99,364,285.00,357,yes,yes,4,"D.I. Designs",side-tables,"Neatham End Table",neatham-end-table
72.18,358,279.90,389,ASK SUPPLIER,NO,8,"Premier Housewares",garden-furniture,"Opus Grey Woven Rope Chair with Cushioned Seat",opus-grey-woven-rope-chair-with-cushioned-seat
72.18,358,279.90,393,ASK SUPPLIER,NO,8,"Premier Housewares",kitchen-furniture,"Java White Natural Rattan Curved Chair",java-white-natural-rattan-curved-chair
70.33,351,274.85,387.02,ASK SUPPLIER,yes,4,"Aosom",garden-furniture,"5-Seater Aluminium Garden Sofa Set, Grey",outsunny-5-seater-aluminium-garden-furniture-set-garden-sofa-set-with-thick-cushions-for-p
69.77,345,269.51,428,yes,yes,5,"Hill Interiors",living-room-storage,"Contour Collection 2 Drawer 2 Door Sideboard",contour-collection-2-drawer-2-door-sideboard
69.77,345,269.51,428,yes,yes,5,"Hill Interiors",coffee-tables,"Serene Rattan Coffee Table",serene-rattan-coffee-table
69.48,344,268.81,343,ASK SUPPLIER,NO,8,"Premier Housewares",bedside-tables,"Kochi Black Mango Wood Side Table with 3 Drawers",kochi-black-mango-wood-side-table-with-3-drawers
68.38,338,264.00,330,yes,yes,5,"D.I. Designs",side-tables,"Abberley White End Table",abberley-white-end-table
68.00,337,263.40,336,ASK SUPPLIER,NO,8,"Premier Housewares",bedside-tables,"Nashik Three Drawer Acacia Side Table",nashik-three-drawer-acacia-side-table
66.54,331,258.95,418,yes,yes,5,"Hill Interiors",garden-furniture,"Capri Collection Outdoor Foot Stool",capri-collection-outdoor-foot-stool
66.25,329,257.27,329,ASK SUPPLIER,NO,1,"Premier Housewares",garden-furniture,"Goa White Rattan Effect Hanging Chair",goa-white-rattan-effect-hanging-chair
66.25,329,257.27,328,ASK SUPPLIER,NO,1,"Premier Housewares",garden-furniture,"Goa White Rattan Effect Hanging Chair with Grey Cushions",goa-white-rattan-effect-hanging-chair-with-grey-cushions
65.54,327,256.01,327,ASK SUPPLIER,NO,8,"Premier Housewares",kitchen-furniture,"Lyon Linen Dining Chair with Oak Wood Whitewash Finish",lyon-linen-dining-chair-with-oak-wood-whitewash-finish
64.63,322,251.99,399,yes,yes,4,"Hill Interiors",garden-furniture,"Provence Collection Outdoor Bistro Table",provence-collection-outdoor-bistro-table
64.61,321,251.02,321,ASK SUPPLIER,NO,8,"Premier Housewares",garden-furniture,"Goa Brown Rattan Hanging Chair",goa-brown-rattan-hanging-chair
64.14,317,247.55,316,ASK SUPPLIER,NO,1,"Premier Housewares",kitchen-furniture,"Laila Large White Round Dining Table",laila-large-white-round-dining-table
64.05,318,248.63,390,yes,yes,4,"Hill Interiors",console-tables,"Reed Collection 2 Drawer 2 Door Console",reed-collection-2-drawer-2-door-console
64.05,318,248.63,390,yes,yes,5,"Hill Interiors",sofas,"Zephra White Armchair",zephra-white-armchair
63.50,315,246.23,319,ASK SUPPLIER,NO,4,"Premier Housewares",coffee-tables,"Barto Round Black Mango Wood Carved Ridge Coffee Table",barto-round-black-mango-wood-carved-ridge-coffee-table
62.73,313,245.03,390,yes,yes,5,"Hill Interiors",garden-furniture,"Amalfi Collection Outdoor Bistro Table With Wood Top",amalfi-collection-outdoor-bistro-table-with-wood-top
62.73,313,245.03,390,yes,yes,5,"Hill Interiors",garden-furniture,"Bloom Collection Outdoor Footstool",bloom-collection-outdoor-footstool
62.58,312,244.19,312,ASK SUPPLIER,NO,8,"Premier Housewares",garden-furniture,"Opus Woven Rope Armchair",opus-woven-rope-armchair
60.93,301,235.00,300,yes,yes,4,"D.I. Designs",side-tables,"Grafton Black End Table",grafton-black-end-table
60.34,299,233.63,298,ASK SUPPLIER,NO,7,"Premier Housewares",kitchen-furniture,"Kendari Black Leather and Teak Wood Chair",kendari-black-leather-and-teak-wood-chair
60.24,300,234.71,361,yes,yes,5,"Hill Interiors",garden-furniture,"Capri Collection Outdoor Dining Chair",capri-collection-outdoor-dining-chair
59.97,299,233.99,380,yes,yes,2,"Hill Interiors",shelving,"Saltaire Collection 3-Shelf Unit",saltaire-collection-3-shelf-unit
59.95,298,233.03,398,ASK SUPPLIER,NO,1,"Premier Housewares",tv-units,"Addison Warm White Metal Fluted Glass Door Media Unit",addison-warm-white-metal-fluted-glass-door-media-unit
59.94,298,233.04,340,ASK SUPPLIER,NO,8,"Premier Housewares",garden-furniture,"Rowan Two Seater Natural And Black Woven Bamboo Small Sofa",rowan-two-seater-natural-and-black-woven-bamboo-small-sofa
58.01,288,225.12,297,ASK SUPPLIER,NO,8,"Premier Housewares",bedside-tables,"Boho Two Drawer Bedside Table in Mango Wood",boho-two-drawer-bedside-table-in-mango-wood
58.00,287,224.15,361,yes,yes,5,"Hill Interiors",coffee-tables,"Oura Round Coffee Table",oura-round-coffee-table
56.43,282,220.79,352,yes,yes,2,"Hill Interiors",garden-furniture,"Amalfi Collection Outdoor Bistro Table With Glass Top",amalfi-collection-outdoor-bistro-table-with-glass-top
56.43,282,220.79,352,yes,yes,5,"Hill Interiors",console-tables,"Contour Collection 3 Drawer Console",contour-collection-3-drawer-console
56.39,281,219.84,281,ASK SUPPLIER,NO,8,"Premier Housewares",garden-furniture,"Rowan Two Seater Natural And Silver Woven Bamboo Small Sofa",rowan-two-seater-natural-and-silver-woven-bamboo-small-sofa
56.39,281,219.84,281,ASK SUPPLIER,NO,8,"Premier Housewares",garden-furniture,"Mataram Natural Rattan Rectangular Coffee Table",mataram-natural-rattan-rectangular-coffee-table
56.36,280,218.89,370,ASK SUPPLIER,yes,2,"AW Dropship",bedroom-storage,"4 Drawer Recycled Wood Storage Chest",4-drawer-recycled-wood-storage-chest
56.27,279,217.99,390,ASK SUPPLIER,yes,4,"AW Dropship",rustic-reclaimed-furniture,"Reclaimed Teak Six Shelf Display Unit with Castors",reclaimed-teak-six-shelf-display-unit-castors
56.23,281,220.00,299,yes,yes,4,"D.I. Designs",side-tables,"Norton Black Square End Table",norton-black-square-end-table
56.09,278,217.19,352,yes,yes,4,"Hill Interiors",garden-furniture,"Provence Collection Outdoor Dining Chair",provence-collection-outdoor-dining-chair
55.76,275,214.56,274,ASK SUPPLIER,NO,8,"Premier Housewares",kitchen-furniture,"Lyon Beige Linen Dining Chair",lyon-beige-linen-dining-chair
55.13,273,213.23,278,ASK SUPPLIER,NO,6,"Premier Housewares",side-tables,"Barola Round Brown Marble and Mango Wood Carved Side Table",barola-round-brown-marble-and-mango-wood-carved-side-table
54.50,272,212.87,323,yes,yes,5,"Hill Interiors",sofas,"Rutland Rectangular Bench",rutland-rectangular-bench
53.25,265,207.23,301,ASK SUPPLIER,NO,1,"Premier Housewares",garden-furniture,"Trento Round Rattan and Antique Gold Finish Side Table",trento-round-rattan-and-antique-gold-finish-side-table
52.40,260,203.15,350,ASK SUPPLIER,yes,4,"AW Dropship",rustic-reclaimed-furniture,"Natural Teak Corner Shelf Unit – 4 Tier Display Stand 135cm",natural-teak-corner-shelf-unit-4-tier-135cm
51.94,259,202.63,340,ASK SUPPLIER,yes,2,"AW Dropship",rustic-reclaimed-furniture,"Small Reclaimed Teak Coffee Table",small-reclaimed-teak-coffee-table
51.25,253,197.40,259,ASK SUPPLIER,NO,8,"Premier Housewares",kitchen-furniture,"Java Natural Rattan Bar Chair",java-natural-rattan-bar-chair
50.37,251,196.31,314,yes,yes,5,"Hill Interiors",living-room-storage,"Lennox Black 2 Door Side Cupboard",lennox-black-2-door-side-cupboard
49.79,247,192.95,304,yes,yes,5,"Hill Interiors",side-tables,"Rutland Side Table",rutland-side-table
49.70,248,194.03,248,ASK SUPPLIER,NO,7,"Premier Housewares",kitchen-furniture,"Maxwell Textured Beige Fabric Curved Swivel Dining Chair",maxwell-textured-beige-fabric-curved-swivel-dining-chair
49.70,248,194.03,248,ASK SUPPLIER,NO,7,"Premier Housewares",kitchen-furniture,"Maxwell Stone Chenille Curved Swivel Dining Chair",maxwell-stone-chenille-curved-swivel-dining-chair
49.70,248,194.03,259,ASK SUPPLIER,NO,8,"Premier Housewares",kitchen-furniture,"Java Natural Rattan Wingback Chair",java-natural-rattan-wingback-chair
49.62,247,193.12,289,ASK SUPPLIER,NO,8,"Premier Housewares",bedside-tables,"Corso Black Bedside Table with Rattan Drawer",corso-black-bedside-table-with-rattan-drawer
49.52,245,191.26,244,ASK SUPPLIER,NO,7,"Premier Housewares",garden-furniture,"Mataram Natural Rattan Table",mataram-natural-rattan-table
48.42,240,187.43,289,ASK SUPPLIER,NO,8,"Premier Housewares",shelving,"Heritage Large Black Two Tier Wooden Bookshelf",heritage-large-black-two-tier-wooden-bookshelf
47.84,236,184.07,325,ASK SUPPLIER,yes,4,"AW Dropship",rustic-reclaimed-furniture,"Natural Teak Log Shelf Display – 3 Tier 100cm",natural-teak-log-shelf-display-3-tier-100cm
47.74,238,186.14,239,ASK SUPPLIER,NO,1,"Premier Housewares",garden-furniture,"Miami Black Rattan 3 Piece Patio Set (Seat)",miami-black-rattan-3-piece-patio-set-seat
47.74,238,186.14,239,ASK SUPPLIER,NO,6,"Premier Housewares",garden-furniture,"Miami Dual Tone Rattan 3 Piece Patio Set",miami-dual-tone-rattan-3-piece-patio-set
47.71,236,184.20,249,ASK SUPPLIER,NO,8,"Premier Housewares",garden-furniture,"Manado Black Natural Rattan And Teak Chair",manado-black-natural-rattan-and-teak-chair
47.55,234,182.39,295,yes,yes,4,"Hill Interiors",shelving,"Large Circular Silver Wall Hanging Multi Shelf",large-circular-silver-wall-hanging-multi-shelf
47.55,234,182.39,295,yes,yes,5,"Hill Interiors",bedside-tables,"Serene Three Drawer Bedside Table",serene-three-drawer-bedside-table
47.14,232,180.83,231,ASK SUPPLIER,NO,6,"Premier Housewares",garden-furniture,"Batu Set Of 2 Natural Rattan Side Tables",batu-set-of-2-natural-rattan-side-tables
47.14,232,180.83,231,ASK SUPPLIER,NO,6,"Premier Housewares",garden-furniture,"Batu Set Of 2 Black Rattan Side Tables",batu-set-of-2-black-rattan-side-tables
46.32,228,177.71,295,ASK SUPPLIER,yes,3,"AW Dropship",rustic-reclaimed-furniture,"Natural Teak Corner Shelf Unit – 3 Tier Display Stand 90cm",natural-teak-corner-shelf-unit-3-tier-90cm
44.88,223,174.23,229,ASK SUPPLIER,NO,8,"Premier Housewares",garden-furniture,"Manado Relax Natural Rattan Chair",manado-relax-natural-rattan-chair
44.88,223,174.23,223,ASK SUPPLIER,NO,8,"Premier Housewares",garden-furniture,"Cebu White Wash Elm Wood Dining Chair",cebu-white-wash-elm-wood-dining-chair
44.88,223,174.23,229,ASK SUPPLIER,NO,8,"Premier Housewares",garden-furniture,"Cebu Grey Wash Elm Wood Dining Chair",cebu-grey-wash-elm-wood-dining-chair
44.49,222,173.63,249,ASK SUPPLIER,NO,4,"Premier Housewares",side-tables,"Babel Round Travertine and Mango Wood Side Table",babel-round-travertine-and-mango-wood-side-table
43.21,214,167.03,223,ASK SUPPLIER,NO,7,"Premier Housewares",side-tables,"Wilbur Cream Marble Top and Mango Wood Side Table",wilbur-cream-marble-top-and-mango-wood-side-table
43.16,212,165.11,257,yes,yes,5,"Hill Interiors",side-tables,"Haldon Collection Large 1 Drawer Lamp Table",haldon-collection-large-1-drawer-lamp-table
43.16,212,165.11,228,yes,yes,4,"Hill Interiors",coffee-tables,"Romanby Stone Round Coffee Table",romanby-stone-round-coffee-table
42.72,213,166.53,279,ASK SUPPLIER,yes,2,"AW Dropship",rustic-reclaimed-furniture,"Small Recycled Teak TV Stand with 2 Drawers",small-recycled-teak-tv-stand-2-drawers
41.84,207,161.51,257,yes,yes,5,"Hill Interiors",console-tables,"Delphine Collection 1 Drawer 1 Door Chest Right Hand",delphine-collection-1-drawer-1-door-chest-right-hand
41.84,207,161.51,257,yes,yes,5,"Hill Interiors",bedside-tables,"Reed Collection 3 Drawer Bedside Table",reed-collection-3-drawer-bedside-table
41.81,207,161.54,244,ASK SUPPLIER,NO,7,"Premier Housewares",side-tables,"Naro Mango Wood and Gold Tip Legs Side Table",naro-mango-wood-and-gold-tip-legs-side-table
41.54,205,159.83,209,ASK SUPPLIER,NO,8,"Premier Housewares",garden-furniture,"Rowan Natural And Black Woven Bamboo Chair And Stool Set",rowan-natural-and-black-woven-bamboo-chair-and-stool-set
41.54,205,159.83,209,ASK SUPPLIER,NO,8,"Premier Housewares",garden-furniture,"Lovina White Rattan Effect Dining Chair",lovina-white-rattan-effect-dining-chair
41.54,205,159.83,233,ASK SUPPLIER,NO,1,"Premier Housewares",kitchen-furniture,"Cebu Elm Wood and Rattan Dining Chair",cebu-elm-wood-and-rattan-dining-chair
41.16,204,159.23,219,ASK SUPPLIER,NO,5,"Premier Housewares",side-tables,"Barto Round Mango Wood Carved Ridged Side Table and Stool",barto-round-mango-wood-carved-ridged-side-table-and-stool
41.16,204,159.23,229,ASK SUPPLIER,NO,5,"Premier Housewares",side-tables,"Barto Round Black Mango Wood Carved Ridge Side Table and Stool",barto-round-black-mango-wood-carved-ridge-side-table-and-stool
41.15,204,159.24,209,ASK SUPPLIER,NO,8,"Premier Housewares",side-tables,"Corra White Marble Side Table With Column Base",corra-white-marble-side-table-with-column-base
39.35,194,151.19,238,yes,yes,4,"Hill Interiors",garden-furniture,"Alto Putty Grey Outdoor Table",alto-putty-grey-outdoor-table
39.35,194,151.19,333,yes,yes,4,"Hill Interiors",console-tables,"Lennox Black Framed Console",lennox-black-framed-console
39.28,196,153.23,196,ASK SUPPLIER,NO,8,"Premier Housewares",garden-furniture,"Nandri Slatted Teak Wood Bench",nandri-slatted-teak-wood-bench
38.07,188,146.56,219,ASK SUPPLIER,NO,8,"Premier Housewares",kitchen-furniture,"Java Natural Rattan Scalloped Accent Chair",java-natural-rattan-scalloped-accent-chair
38.03,189,147.59,238,yes,yes,5,"Hill Interiors",side-tables,"Serene One Drawer Side Table",serene-one-drawer-side-table
37.84,186,144.82,185,ASK SUPPLIER,NO,8,"Premier Housewares",kitchen-furniture,"Lagom Black Natural Rattan Dining Chair",lagom-black-natural-rattan-dining-chair
36.96,181,140.77,263,ASK SUPPLIER,NO,4,"Aosom",beds,"5ft King Bed Frame with Hydraulic Storage and LED Lighting, Grey",5ft-king-bed-frame-with-headboard-platform-bed-frame-with-hydraulic-storage-led-lights-and
36.75,180,140.00,179,yes,yes,4,"D.I. Designs",bedside-tables,"Chilworth Grey Bedside Table",chilworth-grey-bedside-table
36.72,180,140.03,179,ASK SUPPLIER,NO,5,"Premier Housewares",kitchen-furniture,"Lyon Grey Oak Wood And Rattan Cross Back Dining Chair",lyon-grey-oak-wood-and-rattan-cross-back-dining-chair
36.64,182,142.08,198,ASK SUPPLIER,NO,8,"Premier Housewares",side-tables,"Corra Side Table With Black Marble Top",corra-side-table-with-black-marble-top
35.86,177,137.94,229,ASK SUPPLIER,yes,2,"AW Dropship",bedside-tables,"Bedside Table - Classic - Recycled Wood",classic-recycled-wood-bedside-table
35.36,174,135.48,209,ASK SUPPLIER,NO,8,"Premier Housewares",bedroom-storage,"Bradbury Dark Oak Effect Open Wardrobe",bradbury-dark-oak-effect-open-wardrobe
35.36,174,135.48,199,ASK SUPPLIER,NO,8,"Premier Housewares",bedroom-storage,"Bradbury Natural Oak Effect Open Wardrobe",bradbury-natural-oak-effect-open-wardrobe
35.36,176,137.45,225,ASK SUPPLIER,yes,2,"AW Dropship",rustic-reclaimed-furniture,"Round Reclaimed Teak Bedside Table with Drawer",round-reclaimed-teak-bedside-table-drawer
34.85,173,135.00,229,ASK SUPPLIER,NO,4,"Aosom",beds,"Metal High Sleeper Bunk Bed with Desk",metal-bunk-bed-with-desk-high-sleeper-bed-with-led-light-and-safety-guardrail-for-teens-ad
34.45,171,133.43,199,ASK SUPPLIER,NO,8,"Premier Housewares",kitchen-furniture,"Veneto Midnight Velvet Curved Dining Chair",veneto-midnight-velvet-curved-dining-chair
34.32,171,133.57,203.69,ASK SUPPLIER,NO,4,"Aosom",beds,"King Size Gas-Lift Ottoman Bed with Tufted Headboard",king-size-bed-frame-gas-end-lift-under-bed-storage-upholstered-platform-bed-tufted-headboa
33.94,169,131.98,179,ASK SUPPLIER,NO,8,"Premier Housewares",garden-furniture,"Opus Woven Rope Footstool",opus-woven-rope-footstool
33.30,163,126.71,200,yes,yes,5,"Hill Interiors",side-tables,"Serene Rattan Side Table",serene-rattan-side-table
32.84,164,128.15,179,ASK SUPPLIER,NO,8,"Premier Housewares",kitchen-furniture,"Lyon Black Oak Wood and Rattan Dining Chair",lyon-black-oak-wood-and-rattan-dining-chair
32.79,162,126.23,209,ASK SUPPLIER,NO,8,"Premier Housewares",bedside-tables,"Cebu Black Side Table with Rattan Drawer",cebu-black-side-table-with-rattan-drawer
32.67,161,125.36,160,ASK SUPPLIER,NO,8,"Premier Housewares",kitchen-furniture,"Lagom Curved Black Natural Rattan Chair",lagom-curved-black-natural-rattan-chair
31.82,158,123.26,229,ASK SUPPLIER,NO,1,"Premier Housewares",garden-furniture,"Manado Natural Rattan Bean Shaped Bench with Cream Cushion",manado-natural-rattan-bean-shaped-bench-with-cream-cushion
31.81,157,122.28,173,ASK SUPPLIER,NO,7,"Premier Housewares",kitchen-furniture,"Lagom Natural Rattan Dining Chair",lagom-natural-rattan-dining-chair
31.39,154,119.75,186,yes,yes,5,"Hill Interiors",side-tables,"Camden One Drawer Side Table",camden-one-drawer-side-table
30.59,151,117.59,198,ASK SUPPLIER,NO,8,"Premier Housewares",kitchen-furniture,"Tamzin Dark Grey Leather Effect Curved Dining Chair",tamzin-dark-grey-leather-effect-curved-dining-chair
29.82,149,116.39,176,yes,yes,5,"Hill Interiors",kitchen-furniture,"Adjustable Tractor Seat",adjustable-tractor-seat
29.63,146,113.63,184,ASK SUPPLIER,NO,8,"Premier Housewares",bathroom-storage,"Arles Water Hyacinth Wall Shelf",arles-water-hyacinth-wall-shelf
29.53,144,111.76,178,ASK SUPPLIER,NO,8,"Premier Housewares",kitchen-furniture,"Java Natural Rattan Round Back Accent Chair",java-natural-rattan-round-back-accent-chair
29.53,144,111.76,168,ASK SUPPLIER,NO,8,"Premier Housewares",kitchen-furniture,"Java White Wash Rattan Chair",java-white-wash-rattan-chair
29.48,145,112.79,149,yes,yes,5,"Hill Interiors",shelving,"Axis Shelf Unit With Glass Shelves",axis-shelf-unit-with-glass-shelves
28.92,142,110.40,141,ASK SUPPLIER,NO,8,"Premier Housewares",kitchen-furniture,"Tamzin Blue Velvet Curved Back Dining Chair",tamzin-blue-velvet-curved-back-dining-chair
28.47,141,109.86,399,ASK SUPPLIER,NO,4,"Aosom",beds,"4ft6 Double Ottoman Bed with Front Drawer, Cream",4ft6-double-ottoman-bed-frame-with-front-drawer-cream
28.35,138,107.03,139,ASK SUPPLIER,NO,1,"Premier Housewares",tv-units,"Westbury Oak Wood Veneer Media Unit",westbury-oak-wood-veneer-media-unit
28.35,138,107.03,149,ASK SUPPLIER,NO,8,"Premier Housewares",kitchen-furniture,"Lagom Black Natural Rattan Chair",lagom-black-natural-rattan-chair
28.32,141,110.02,179,ASK SUPPLIER,NO,8,"Premier Housewares",kitchen-furniture,"Java Natural Rattan Peacock Accent Chair",java-natural-rattan-peacock-accent-chair
28.32,141,110.02,141,ASK SUPPLIER,NO,8,"Premier Housewares",kitchen-furniture,"Java Black Rattan Peacock Accent Chair",java-black-rattan-peacock-accent-chair
28.08,138,107.30,169,ASK SUPPLIER,NO,8,"Premier Housewares",shelving,"Laxton 5 Tier Light Oak Effect Shelving Unit",laxton-5-tier-light-oak-effect-shelving-unit
27.85,136,105.56,167,ASK SUPPLIER,NO,8,"Premier Housewares",kitchen-furniture,"Java Black Rattan Round Back Accent Chair",java-black-rattan-round-back-accent-chair
27.29,136,106.12,136,ASK SUPPLIER,NO,8,"Premier Housewares",kitchen-furniture,"Java Natural Rattan Round Chair",java-natural-rattan-round-chair
26.41,131,102.08,131,ASK SUPPLIER,NO,8,"Premier Housewares",kitchen-furniture,"Lagom Grey Wash Natural Rattan Chair",lagom-grey-wash-natural-rattan-chair
26.41,131,102.08,139,ASK SUPPLIER,NO,8,"Premier Housewares",kitchen-furniture,"Lagom Black Natural Rattan Chair With Iron Legs",lagom-black-natural-rattan-chair-with-iron-legs
26.41,131,102.08,139,ASK SUPPLIER,NO,7,"Premier Housewares",kitchen-furniture,"Lagom White Washed Natural Rattan Chair",lagom-white-washed-natural-rattan-chair
26.36,129,100.16,149,ASK SUPPLIER,NO,8,"Premier Housewares",desks,"Bradbury Natural Oak Veneer Desk wth 1 Drawer",bradbury-natural-oak-veneer-desk-wth-1-drawer
26.36,129,100.16,149,ASK SUPPLIER,NO,8,"Premier Housewares",desks,"Bradbury Light Oak Veneer Desk with 1 Drawer",bradbury-light-oak-veneer-desk-with-1-drawer
26.18,130,101.32,130,ASK SUPPLIER,NO,8,"Premier Housewares",kitchen-furniture,"Java Black Rattan Round Chair",java-black-rattan-round-chair
26.17,129,100.34,189,ASK SUPPLIER,NO,7,"Premier Housewares",kitchen-furniture,"Java Natural Rattan Flared Back Chair",java-natural-rattan-flared-back-chair
26.08,129,100.43,149,ASK SUPPLIER,NO,8,"Premier Housewares",kitchen-furniture,"Java Natural Rattan With Black Metal Armchair",java-natural-rattan-with-black-metal-armchair
25.67,127,98.87,152,yes,yes,4,"Hill Interiors",living-room-storage,"Contour Collection Pet Feeder Table",contour-collection-pet-feeder-table
25.67,127,98.87,152,yes,yes,5,"Hill Interiors",console-tables,"Camden Half Moon 3 Tier Table",camden-half-moon-3-tier-table
24.73,120,92.92,119,ASK SUPPLIER,NO,8,"Premier Housewares",bathroom-storage,"Arles 3 Tier Water Hyacinth Storage Caddy",arles-3-tier-water-hyacinth-storage-caddy
24.46,119,92.20,165,ASK SUPPLIER,NO,4,"Aosom",beds,"3ft Single Pine Storage Bed with Drawers, Grey",pine-storage-bed-3ft-single-solid-wooden-bed-frame-with-drawers-headboard-wood-slat-suppor
23.30,116,90.41,139,ASK SUPPLIER,NO,8,"Premier Housewares",kitchen-furniture,"Lagom Black Natural Rattan And Iron Black Chair",lagom-black-natural-rattan-and-iron-black-chair
23.30,116,90.41,139,ASK SUPPLIER,NO,8,"Premier Housewares",kitchen-furniture,"Lagom Natural Rattan And Black Iron Chair",lagom-natural-rattan-and-black-iron-chair
21.28,103,79.63,149,ASK SUPPLIER,NO,4,"Aosom",desks,"Computer Desk with Drawers and Printer Stand, Oak",computer-desk-with-drawers-and-storage-shelves-office-desk-writing-table-with-printer-stan
20.74,100,77.21,139,ASK SUPPLIER,NO,8,"Premier Housewares",desks,"Laxton Light Oak Effect Desk With Shelves",laxton-light-oak-effect-desk-with-shelves
20.74,100,77.21,164,ASK SUPPLIER,NO,8,"Premier Housewares",shelving,"Laxton 3 Tier Light Oak Effect Shelving Unit",laxton-3-tier-light-oak-effect-shelving-unit
20.73,101,78.20,100,ASK SUPPLIER,NO,8,"Premier Housewares",garden-furniture,"Maka Grey Natural Rattan Stool",maka-grey-natural-rattan-stool
19.62,98,76.36,98,ASK SUPPLIER,NO,1,"Premier Housewares",garden-furniture,"Depok Rattan Coffee Table With Cross Metal Base",depok-rattan-coffee-table-with-cross-metal-base
19.51,94,72.53,109,ASK SUPPLIER,NO,8,"Premier Housewares",garden-furniture,"Depok Rattan And Metal Coffee Table",depok-rattan-and-metal-coffee-table
19.24,93,71.81,149,ASK SUPPLIER,NO,1,"Premier Housewares",shelving,"Batu Large Black Rattan Wall Shelf",batu-large-black-rattan-wall-shelf
19.04,92,71.03,105,yes,yes,4,"Hill Interiors",side-tables,"Camden Round Side Table",camden-round-side-table
17.99,88,68.14,148.8,ASK SUPPLIER,yes,5,"AW Dropship",rustic-reclaimed-furniture,"Beer Barrel Table – Natural Wood 60 x 48.5 cm",beer-barrel-table-natural-wood
17.96,89,69.16,93,ASK SUPPLIER,NO,1,"Premier Housewares",garden-furniture,"Depok Rattan Round Coffee Table With Cross Metal Legs",depok-rattan-round-coffee-table-with-cross-metal-legs
17.47,86,66.69,121.35,ASK SUPPLIER,yes,4,"AW Dropship",rustic-reclaimed-furniture,"Natural Folding Wooden A-Frame Shelf – Brown",natural-folding-wooden-a-frame-shelf-brown
17.14,83,64.07,95,yes,yes,4,"Hill Interiors",garden-furniture,"Echo French Grey Chair",echo-french-grey-chair
17.14,83,64.07,95,yes,yes,5,"Hill Interiors",garden-furniture,"Echo Putty Grey Chair",echo-putty-grey-chair
17.06,82,63.16,152,ASK SUPPLIER,NO,8,"Premier Housewares",bedside-tables,"Sherman Black Finish and Natural Rattan One Drawer Bedside Table",sherman-black-finish-and-natural-rattan-one-drawer-bedside-table
16.80,83,64.40,83,ASK SUPPLIER,NO,1,"Premier Housewares",garden-furniture,"Black Garden Chair",black-garden-chair
16.67,81,62.56,89,ASK SUPPLIER,NO,1,"Premier Housewares",garden-furniture,"Depok Rattan Side Table With Metal Legs",depok-rattan-side-table-with-metal-legs
16.35,80,61.90,129,ASK SUPPLIER,NO,4,"Aosom",desks,"Folding Convertible Desk with Blackboard, Grey",folding-convertible-desk-with-blackboard-multi-function-computer-office-workstation-side-s
16.34,81,62.89,81,ASK SUPPLIER,NO,8,"Premier Housewares",bathroom-storage,"Batu Set Of 2 Natural Rattan Baskets",batu-set-of-2-natural-rattan-baskets
15.23,74,57.11,74,yes,yes,4,"Hill Interiors",garden-furniture,"Kyra French Grey Chair",kyra-french-grey-chair
14.93,74,57.41,147,ASK SUPPLIER,NO,8,"Premier Housewares",desks,"Laxton Light Oak Effect Desk",laxton-light-oak-effect-desk
13.85,67,51.59,66,yes,yes,4,"Hill Interiors",garden-furniture,"Axis Putty Grey Carver Dining Chair",axis-putty-grey-carver-dining-chair
13.58,65,49.90,78,ASK SUPPLIER,NO,8,"Premier Housewares",garden-furniture,"Maka Natural Croco Rattan Stool",maka-natural-croco-rattan-stool
13.08,62,47.44,78,ASK SUPPLIER,NO,4,"Aosom",desks,"Folding Wall-Mounted Work Table, Natural",folding-shelf-and-work-table-natural
12.82,62,47.70,89,ASK SUPPLIER,NO,4,"Aosom",desks,"LED Computer Desk with Power Outlets, Rustic Brown",led-computer-desk-with-power-outlets-and-shelves-rustic-brown
12.78,62,47.74,109,ASK SUPPLIER,NO,4,"Aosom",beds,"4ft6 Double Bed Frame with Underbed Storage, Black",4ft6-double-bed-frame-with-underbed-storage-and-steel-slat-support-32-5-cm-height-noise-fr
12.73,63,48.77,83,ASK SUPPLIER,NO,8,"Premier Housewares",garden-furniture,"Depok Rattan and Metal Square Side Table",depok-rattan-and-metal-square-side-table
11.17,54,41.47,59,ASK SUPPLIER,NO,4,"Aosom",desks,"LED Computer Desk with Power Outlets, Carbon Fibre Grey",led-computer-desk-with-power-outlets-and-shelves-carbon-fibre-grey
10.38,49,37.33,65,ASK SUPPLIER,yes,6,"AW Dropship",rustic-reclaimed-furniture,"Set of 3 Gamal Wood Plant Stands",set-of-3-gamal-wood-plant-stands-natural
10.29,51,39.39,87.4,ASK SUPPLIER,yes,5,"AW Dropship",rustic-reclaimed-furniture,"Natural Wooden Beer Barrel Storage Stool",natural-wooden-beer-barrel-storage-stool
10.18,47,35.57,229,ASK SUPPLIER,NO,4,"Aosom",desks,"Computer Desk with Three Shelves and Drawers, Black",computer-desk-writing-table-pc-workstation-with-3-storage-shelves-and-drawers-handle-for-h
9.81,47,35.94,73,ASK SUPPLIER,NO,4,"Aosom",desks,"Multi-Storage Work Desk with Sliding Keyboard Tray, Brown",multi-storage-work-desk-with-sliding-keyboard-tray-brown-black
9.70,45,34.08,47.52,ASK SUPPLIER,NO,4,"Aosom",desks,"Computer Desk with Sliding Keyboard Tray, Grey",computer-desk-with-sliding-keyboard-tray-storage-drawer-shelf-home-office-workstation-grey
9.57,46,35.19,49,ASK SUPPLIER,yes,7,"AW Dropship",rustic-reclaimed-furniture,"Brown Wooden Storage Crates (Set of 3)",brown-wooden-storage-crates-set-of-3
9.53,45,34.24,89,ASK SUPPLIER,NO,4,"Aosom",beds,"3ft Single Bed Frame with Headboard and Footboard, Black",3ft-single-bed-frame-with-headboard-and-footboard-metal-platform-bed-frame-with-32-cm-unde
8.98,42,31.84,89,ASK SUPPLIER,NO,4,"Aosom",desks,"Compact Folding Desk with Storage Shelf, Rustic Brown",compact-folding-desk-for-small-spaces-with-storage-shelf-for-home-office-rustic-brown
8.31,40,30.54,40,ASK SUPPLIER,NO,1,"Premier Housewares",kitchen-storage,"Freska Set of Five Ribbed Round Glass Jars with Acacia Wood Lids",freska-set-of-five-ribbed-round-glass-jars-with-acacia-wood-lids
7.90,39,29.96,69,ASK SUPPLIER,NO,4,"Aosom",desks,"Modern Writing Desk with Storage Shelf, White Wood Grain",modern-computer-desk-home-office-table-small-writing-desk-with-storage-shelf-white-wood-gr
7.65,37,28.25,41.7,ASK SUPPLIER,NO,4,"Aosom",desks,"Computer Desk with Hutch Shelf, Black",computer-desk-home-office-study-table-with-hutch-shelf-cup-holder-headphone-hook-black
7.64,36,27.27,35,ASK SUPPLIER,NO,5,"Premier Housewares",bathroom-storage,"Vertex Copper Plated Basket",vertex-copper-plated-basket
7.62,36,27.29,79,ASK SUPPLIER,NO,4,"Aosom",desks,"Compact Computer Desk with Keyboard Tray, Grey",compact-computer-desk-with-keyboard-tray-and-drawer-study-desk-writing-desk-for-home-offic
7.36,33,24.59,40,ASK SUPPLIER,yes,3,"AW Dropship",rustic-reclaimed-furniture,"Large Brown Wooden Storage Tub",large-brown-wooden-storage-tub
7.06,34,25.88,34,ASK SUPPLIER,NO,1,"Premier Housewares",kitchen-storage,"Freska Set of Five Ribbed Round Clear Glass Jars with Acacia Wood Lids",freska-set-of-five-ribbed-round-clear-glass-jars-with-acacia-wood-lids
5.67,27,20.38,39,ASK SUPPLIER,NO,3,"Premier Housewares",bathroom-storage,"Emery Matt Black Wire Basket",emery-matt-black-wire-basket
5.62,28,21.41,28,ASK SUPPLIER,NO,6,"Premier Housewares",bathroom-storage,"Vertex Hexagonal Basket",vertex-hexagonal-basket
5.26,26,19.80,30,ASK SUPPLIER,NO,3,"Premier Housewares",bathroom-storage,"Emery Matt Black Wire Tall Basket",emery-matt-black-wire-tall-basket
4.91,23,17.20,26,ASK SUPPLIER,NO,7,"Premier Housewares",bathroom-storage,"Vertex Rectangular Basket",vertex-rectangular-basket
4.70,23,17.41,23,ASK SUPPLIER,NO,4,"Premier Housewares",bathroom-storage,"Vertex Square Basket",vertex-square-basket
4.64,23,17.47,29,ASK SUPPLIER,NO,1,"Premier Housewares",kitchen-storage,"Aleki Extra Large Bamboo Chopping and Serving Board",aleki-extra-large-bamboo-chopping-and-serving-board
4.63,21,15.51,29,ASK SUPPLIER,NO,1,"Premier Housewares",kitchen-storage,"Aleki Large Bamboo Chopping and Serving Board",aleki-large-bamboo-chopping-and-serving-board
4.08,17,12.12,19,ASK SUPPLIER,NO,1,"Premier Housewares",kitchen-storage,"Freska Ribbed Round Glass Jar with Acacia Wood Lid 800ml",freska-ribbed-round-glass-jar-with-acacia-wood-lid-800ml
3.75,16,11.46,19,ASK SUPPLIER,NO,1,"Premier Housewares",kitchen-storage,"Freska Ribbed Round Glass Jar with Acacia Wood Lid 250ml",freska-ribbed-round-glass-jar-with-acacia-wood-lid-250ml
3.64,17,12.55,19,ASK SUPPLIER,NO,1,"Premier Housewares",kitchen-storage,"Freska Ribbed Round Glass Jar with Acacia Wood Lid 1100ml",freska-ribbed-round-glass-jar-with-acacia-wood-lid-1100ml
3.46,16,11.75,19,ASK SUPPLIER,NO,1,"Premier Housewares",kitchen-storage,"Freska Ribbed Round Glass Jar with Acacia Wood Lid 550ml",freska-ribbed-round-glass-jar-with-acacia-wood-lid-550ml
