price,keep,marginPct,ebayPermitted,carriageKnown,photos,supplier,category,title,slug
69.00,59.02,85.5,no,NO,4,"Aosom",lighting,"Geometric Mesh LED Wall Lights, Set of 2, Gold",led-wall-lamp-2-pack-9w-modern-indoor-geometric-mesh-wall-light-colour-temperature-adjusta
19.00,13.46,70.9,no,yes,4,"AW Dropship",mirrors,"Soft Squiggly Mirror – Flower – Stone (25.4x25.4x2.3cm)",soft-squiggly-mirror-flower-stone-25-4x25-4x2-3cm
19.00,13.46,70.9,no,NO,4,"AW Dropship",mirrors,"Soft Squiggly Mirror – Flame – Marigold (23x27.5x2.3cm)",soft-squiggly-mirror-flame-marigold-23x27-5x2-3cm
19.00,12.21,64.3,no,NO,4,"AW Dropship",mirrors,"Soft Squiggly Mirror – Star – Mauve (33x31x2.3cm)",soft-squiggly-mirror-star-mauve-33x31x2-3cm
19.00,12.21,64.3,no,yes,4,"AW Dropship",mirrors,"Soft Squiggly Mirror – Chunky Frame – Royal Blue (30.5x22.5x2.3cm)",soft-squiggly-mirror-chunky-frame-royal-blue-30-5x22-5x2-3cm
19.00,12.21,64.3,no,NO,4,"AW Dropship",mirrors,"Soft Squiggly Mirror - Large Cloud - Moss Green (33.4x23.5x2.3cm)",soft-squiggly-mirror-large-cloud-moss-green-33-4x23-5x2-3cm
79.00,50.33,63.7,no,NO,4,"Aosom",desks,"Compact Computer Desk with Keyboard Tray, Grey",compact-computer-desk-with-keyboard-tray-and-drawer-study-desk-writing-desk-for-home-offic
43.00,27.32,63.5,no,NO,3,"AW Dropship",water-features,"Tabletop Water Feature - Cascading Rock Formation",tabletop-water-feature-18cm-cascading-rock-formation
89.00,55.63,62.5,no,NO,4,"Aosom",desks,"Compact Folding Desk with Storage Shelf, Rustic Brown",compact-folding-desk-for-small-spaces-with-storage-shelf-for-home-office-rustic-brown
43.00,26.34,61.2,no,NO,1,"Premier Housewares",wall-clocks,"Tortora Red Glass and Black Numbers Wall Clock",tortora-red-glass-and-black-numbers-wall-clock
89.00,53.23,59.8,no,NO,4,"Aosom",beds,"3ft Single Bed Frame with Headboard and Footboard, Black",3ft-single-bed-frame-with-headboard-and-footboard-metal-platform-bed-frame-with-32-cm-unde
32.00,19.13,59.8,no,NO,3,"Premier Housewares",wall-clocks,"Elko Pink Finish Embossed Effect Wall Clock",elko-16cm-dia-pink-finish-embossed-effect-wall-clock
31.00,18.26,58.9,no,NO,4,"AW Dropship",wellness-accessories,"Himalayan Salt Cooking Plate - Round - 20x20x5cm",himalayan-salt-cooking-plate-round-20x20x5cm
31.00,18.26,58.9,no,NO,4,"AW Dropship",wellness-accessories,"Himalayan Salt Cooking Plate - Square - 20x20x5cm",himalayan-salt-cooking-plate-square-20x20x5cm
59.00,34.48,58.4,no,NO,5,"Aosom",garden-lighting,"1.6m Dimmable Solar Bollard Light, Black",outdoor-garden-solar-post-lamp-sensor-dimmable-led-lantern-bollard-pathway-1-6m-tall-black
56.25,31.77,56.5,no,NO,4,"Aosom",garden-lighting,"1.6m Dimmable Solar Bollard Lights, Set of 2, Black",2-pieces-outdoor-garden-solar-post-lamp-sensor-dimmable-led-lantern-bollard-pathway-1-6m-t
49.00,27.61,56.3,no,NO,8,"Premier Housewares",mirrors,"Cassini Tri Fold Illuminated Pink LED Table Mirror",cassini-tri-fold-illuminated-pink-led-table-mirror
49.00,27.61,56.3,no,NO,8,"Premier Housewares",mirrors,"Cassini Tri Fold Black LED Table Mirror",cassini-tri-fold-black-led-table-mirror
45.00,25.02,55.6,no,yes,3,"AW Dropship",water-features,"Tabletop Water Feature - 19x19x28cm - Buddha, Lotus Flower Cascading Potsx",tabletop-water-feature-19x19x28cm-buddha-lotus-flower-cascading-potsx
39.00,21.54,55.2,no,NO,4,"Aosom",lighting,"Spiral Raindrop Crystal Chandelier, Silver",metal-crystal-ceiling-light-chandelier-elegant-pendant-lamp-living-room-stairway-spiral-ra
69.00,37.80,54.8,no,NO,4,"Aosom",desks,"Modern Writing Desk with Storage Shelf, White Wood Grain",modern-computer-desk-home-office-table-small-writing-desk-with-storage-shelf-white-wood-gr
34.00,18.35,54.0,no,yes,3,"AW Dropship",water-features,"Tabletop Water Feature - Water Pot & Crystal Ball",tabletop-water-feature-15x13x20cm-water-pot-crystal-ball
87.40,46.50,53.2,no,yes,5,"AW Dropship",rustic-reclaimed-furniture,"Natural Wooden Beer Barrel Storage Stool",natural-wooden-beer-barrel-storage-stool
29.00,15.37,53.0,no,yes,2,"AW Dropship",water-features,"Tabletop Water Feature - Cascading Pots",tabletop-water-feature-20cm-cascading-pots
34.00,17.65,51.9,no,yes,2,"AW Dropship",water-features,"Tabletop Water Feature - Golden Buddha & Pots",tabletop-water-feature-21-5cm-golden-buddha-pots
45.00,23.34,51.9,no,yes,2,"AW Dropship",water-features,"Tabletop Water Feature - Elephants & Palm Tree",tabletop-water-feature-25cm-elephants-palm-tree
44.00,22.68,51.5,no,NO,8,"Premier Housewares",mirrors,"Cassini Tri Fold White LED Table Mirror",cassini-tri-fold-white-led-table-mirror
42.00,21.17,50.4,no,NO,4,"Aosom",lighting,"Starry LED Wall Lights, Set of 2, Gold",led-wall-lamp-2-pack-5w-modern-indoor-starry-wall-light-colour-temperature-adjustable-3000k
35.00,17.47,49.9,no,NO,4,"AW Dropship",water-features,"Mediterranean Cascading Pots Tabletop Water Feature",mediterranean-cascading-pots-tabletop-water-feature-19x14x27cm
40.00,19.91,49.8,no,yes,4,"AW Dropship",water-features,"Tabletop Water Feature - 30cm - Golden Meditating Buddha",tabletop-water-feature-30cm-golden-meditating-buddha
73.00,35.77,49.0,no,NO,4,"Aosom",desks,"Multi-Storage Work Desk with Sliding Keyboard Tray, Brown",multi-storage-work-desk-with-sliding-keyboard-tray-brown-black
17.50,8.54,48.8,no,yes,3,"AW Dropship",wellness-accessories,"Sweet Birch Essential Oil 50ml | Ancient Wisdom",sweet-birch-essential-oil-50ml
36.00,17.15,47.6,no,NO,2,"Premier Housewares",wall-clocks,"Maddox Cream Metal White Face Wall Clock",maddox-cream-metal-white-face-wall-clock
45.00,20.68,46.0,no,NO,4,"Aosom",garden-lighting,"1.2m Dimmable Solar Bollard Lights, Set of 2, Black",set-of-2-outdoor-garden-solar-post-lamp-sensor-dimmable-led-lantern-bollard-ip44-energy-sa
39.00,17.84,45.7,no,NO,3,"Premier Housewares",bathroom-storage,"Emery Matt Black Wire Basket",emery-matt-black-wire-basket
57.00,25.80,45.3,no,yes,2,"AW Dropship",water-features,"Tabletop Water Feature - Purple Dragon, Crystal Ball & Water Wheel",tabletop-water-feature-35cm-purple-dragon-crystal-ball-water-wheel
59.00,26.70,45.3,no,NO,4,"Aosom",lighting,"Glass Droplet Pendant Chandelier, Chrome",modern-crystal-chandelier-ceiling-light-pendant-lamp-chrome-finish-glass-droplets-new-for-
29.00,13.05,45.0,no,NO,7,"Premier Housewares",bathroom-accessories,"Canyon Grey Lotion Dispenser - 500ml",canyon-grey-lotion-dispenser-500ml
29.00,13.05,45.0,no,NO,7,"Premier Housewares",bathroom-accessories,"Canyon Black Lotion Dispenser - 500ml",canyon-black-lotion-dispenser-500ml
19.00,8.52,44.8,no,NO,2,"AW Dropship",water-features,"Tabletop Water Feature - 20cm - Elephant in Love",tabletop-water-feature-20cm-elephant-in-love
38.00,16.98,44.7,no,yes,4,"AW Dropship",water-features,"Tabletop Water Feature - 30cm - Golden Buddha & Lotus",tabletop-water-feature-30cm-golden-buddha-lotus
38.00,16.98,44.7,no,yes,4,"AW Dropship",water-features,"Tabletop Water Feature - 30cm - Golden Buddha & Vitarka Mudra",tabletop-water-feature-30cm-golden-buddha-vitarka-mudra
89.00,39.77,44.7,no,NO,4,"Aosom",desks,"LED Computer Desk with Power Outlets, Rustic Brown",led-computer-desk-with-power-outlets-and-shelves-rustic-brown
54.00,24.10,44.6,no,yes,3,"AW Dropship",water-features,"Tabletop Water Feature - Elephants, Crystal Ball & Water Wheel",tabletop-water-feature-35cm-elephants-crystal-ball-water-wheel
54.00,24.10,44.6,no,yes,2,"AW Dropship",water-features,"Tabletop Water Feature - Natural Rocks Formation",tabletop-water-feature-35cm-natural-rocks-formation
54.00,24.10,44.6,no,yes,2,"AW Dropship",water-features,"Tabletop Water Feature - Slab Rocks Formation & Crystal Ball",tabletop-water-feature-35cm-slab-rocks-formation-crystal-ball
29.00,12.86,44.3,no,NO,1,"Premier Housewares",kitchen-storage,"Aleki Large Bamboo Chopping and Serving Board",aleki-large-bamboo-chopping-and-serving-board
53.00,23.30,44.0,no,NO,4,"Aosom",lighting,"Spiral LED Wall Lights, Set of 2, Gold",led-wall-lamp-2-pack-13w-modern-indoor-spiral-wall-light-colour-temperature-adjustable-3000k
27.00,11.76,43.6,no,NO,8,"Premier Housewares",bathroom-accessories,"Allegra Brown Glass Bathroom Jar",allegra-brown-glass-bathroom-jar
55.00,23.84,43.3,no,yes,2,"AW Dropship",water-features,"Tabletop Water Feature - Dragons, Crystal Ball & Water Wheel",tabletop-water-feature-35cm-dragons-crystal-ball-water-wheel
49.00,21.05,43.0,no,NO,4,"Aosom",garden-lighting,"Boho Rattan Solar Floor Lamp with Shelf, Yellow",boho-rattan-floor-lamp-3-lights-rattan-lamp-with-shelf-freestanding-solar-garden-light-wit
52.00,22.13,42.6,no,yes,2,"AW Dropship",water-features,"Tabletop Water Feature - Silver Buddha Cascade & Crystal Ball",tabletop-water-feature-35cm-silver-buddha-cascade-crystal-ball
56.00,23.69,42.3,no,NO,4,"Aosom",lighting,"Crystal Semi-Flush Chandelier, Silver",semi-flush-mount-modern-crystal-chandelier-ceiling-light-crystal-ceiling-light-fixture-wit
44.00,18.55,42.2,no,yes,4,"AW Dropship",water-features,"Buddha Hand & Head Tabletop Water Feature",buddha-hand-head-tabletop-water-feature-20x25x35cm
21.00,8.73,41.6,no,NO,8,"Premier Housewares",bathroom-accessories,"Canyon Grey Soap Dish",canyon-grey-soap-dish
21.00,8.73,41.6,no,NO,8,"Premier Housewares",bathroom-accessories,"Canyon White Soap Dish",canyon-white-soap-dish
21.00,8.73,41.6,no,NO,8,"Premier Housewares",bathroom-accessories,"Canyon Black Soap Dish",canyon-black-soap-dish
55.00,22.79,41.4,no,yes,4,"AW Dropship",water-features,"Elephants in Love Tabletop Water Feature with Crystal Ball, Light & Watermill",elephants-in-love-tabletop-water-feature-with-crystal-ball-light-watermill-30x20x35cm
35.00,14.48,41.4,no,yes,4,"AW Dropship",water-features,"Pebble Wall Tabletop Water Feature with Crystal Ball",pebble-wall-tabletop-water-feature-with-crystal-ball-19x19x28cm
39.00,16.02,41.1,no,NO,4,"Aosom",garden-lighting,"Solar Lamp Post Light with Planter, Black",garden-solar-lamp-post-light-waterproof-led-solar-light-post-with-planter-black
29.00,11.88,41.0,no,NO,8,"Premier Housewares",bathroom-accessories,"Allegra Brown Glass Soap Dish",allegra-brown-glass-soap-dish
39.00,15.96,40.9,no,NO,5,"Premier Housewares",wall-clocks,"Elko Oval Wall Clock with Dark Grey Finish",elko-oval-wall-clock-with-dark-grey-finish
7.95,3.25,40.9,no,yes,1,"AW Dropship",wellness-accessories,"Sweet Birch Essential Oil 10ml | Ancient Wisdom",sweet-birch-essential-oil-10ml
65.00,26.49,40.8,no,yes,6,"AW Dropship",rustic-reclaimed-furniture,"Set of 3 Gamal Wood Plant Stands",set-of-3-gamal-wood-plant-stands-natural
43.00,17.43,40.5,no,NO,5,"Premier Housewares",wall-clocks,"Romero Blue Cutlery Metal Wall Clock",romero-33cm-dia-blue-cutlery-metal-wall-clock
43.00,17.43,40.5,no,NO,2,"Premier Housewares",wall-clocks,"Romero Hot Pink Cutlery Metal Wall Clock",romero-33cm-dia-hot-pink-cutlery-metal-wall-clock
45.00,17.89,39.8,no,NO,4,"Aosom",garden-lighting,"1.77m Solar Bollard Lantern, Black",outdoor-garden-solar-post-lamp-sensor-light-led-lantern-bollard-pathway-torch-light-1-77m-
6.95,2.75,39.5,no,yes,3,"AW Dropship",wellness-accessories,"Eucalyptus Essential Oil 10ml | Ancient Wisdom",eucalyptus-essential-oil-10ml
83.00,32.78,39.5,no,NO,8,"Premier Housewares",garden-furniture,"Depok Rattan and Metal Square Side Table",depok-rattan-and-metal-square-side-table
21.00,8.21,39.1,no,NO,8,"Premier Housewares",bathroom-accessories,"Canyon Grey Toothbrush Holder",canyon-grey-toothbrush-holder
21.00,8.21,39.1,no,NO,8,"Premier Housewares",bathroom-accessories,"Canyon White Toothbrush Holder",canyon-white-toothbrush-holder
21.00,8.21,39.1,no,NO,8,"Premier Housewares",bathroom-accessories,"Canyon Black Toothbrush Holder",canyon-black-toothbrush-holder
43.00,16.80,39.1,no,NO,4,"Aosom",garden-lighting,"Rattan Solar Floor Lantern, Grey",rattan-solar-floor-lamp-tall-outdoor-garden-lantern-pathway-light-and-decorative-lighting-with
43.00,16.71,38.8,no,NO,1,"Premier Housewares",wall-clocks,"Verdian Red Heart DIY Wall Clock",verdian-red-heart-diy-wall-clock
19.00,7.20,37.9,no,NO,4,"Premier Housewares",bathroom-accessories,"Canyon Grey Tumbler",canyon-grey-tumbler
19.00,7.20,37.9,no,NO,5,"Premier Housewares",bathroom-accessories,"Canyon White Tumbler",canyon-white-tumbler
19.00,7.20,37.9,no,NO,4,"Premier Housewares",bathroom-accessories,"Canyon Black Tumbler",canyon-black-tumbler
24.00,9.07,37.8,no,NO,6,"Premier Housewares",planters,"Jada Small Striped Planter",jada-small-striped-planter
29.00,10.90,37.6,no,NO,1,"Premier Housewares",kitchen-storage,"Aleki Extra Large Bamboo Chopping and Serving Board",aleki-extra-large-bamboo-chopping-and-serving-board
78.00,29.19,37.4,no,NO,4,"Aosom",desks,"Folding Wall-Mounted Work Table, Natural",folding-shelf-and-work-table-natural
19.00,7.05,37.1,no,NO,1,"Premier Housewares",kitchen-storage,"Freska Ribbed Round Glass Jar with Acacia Wood Lid 250ml",freska-ribbed-round-glass-jar-with-acacia-wood-lid-250ml
57.00,21.11,37.0,yes,yes,3,"Hill Interiors",wall-art,"Butchers Cuts Chicken Wall Plaque",butchers-cuts-chicken-wall-plaque
23.00,8.46,36.8,no,NO,7,"Premier Housewares",bathroom-accessories,"Canyon Grey 300ml Lotion Dispenser",canyon-grey-300ml-lotion-dispenser
23.00,8.46,36.8,no,NO,8,"Premier Housewares",bathroom-accessories,"Canyon White 300ml Lotion Dispenser",canyon-white-300ml-lotion-dispenser
23.00,8.46,36.8,no,NO,7,"Premier Housewares",bathroom-accessories,"Canyon 300 ml Black Lotion Dispenser",canyon-300-ml-black-lotion-dispenser
24.00,8.79,36.6,no,yes,6,"Premier Housewares",planters,"Honna Small White Silver Ceramic Planter",honna-small-white-silver-ceramic-planter
40.00,14.61,36.5,no,yes,3,"AW Dropship",rustic-reclaimed-furniture,"Large Brown Wooden Storage Tub",large-brown-wooden-storage-tub
27.00,9.86,36.5,no,NO,8,"Premier Housewares",bathroom-accessories,"Allegra Brown Glass Toothbrush Holder",allegra-brown-glass-toothbrush-holder
99.00,35.93,36.3,no,NO,4,"Aosom",privacy-screens,"Banana Leaf Metal Privacy Screen with Stand, Black",decorative-privacy-screen-with-stand-freestanding-metal-outdoor-divider-decorative-privacy
39.00,14.05,36.0,no,NO,4,"Aosom",garden-lighting,"Rattan Solar Floor Lantern, Brown",rattan-solar-floor-lamp-tall-outdoor-garden-lantern-pathway-light-decorative-lighting-with
21.00,7.50,35.7,no,NO,6,"Premier Housewares",planters,"Jada Small Abstract Planter",jada-small-abstract-planter
19.00,6.76,35.6,no,NO,1,"Premier Housewares",kitchen-storage,"Freska Ribbed Round Glass Jar with Acacia Wood Lid 550ml",freska-ribbed-round-glass-jar-with-acacia-wood-lid-550ml
49.00,17.45,35.6,no,NO,6,"Premier Housewares",bathroom-accessories,"Thread and Loom 6 Piece Warm Sand Towel Set",thread-and-loom-6-piece-warm-sand-towel-set
49.00,17.45,35.6,no,NO,3,"Premier Housewares",bathroom-accessories,"Thread and Loom 6 Piece Poppy Seed Towel Set",thread-and-loom-6-piece-poppy-seed-towel-set
27.00,9.48,35.1,no,NO,3,"Premier Housewares",bathroom-accessories,"Allegra Champagne Finish Tumbler",allegra-champagne-finish-tumbler
65.00,22.73,35.0,no,NO,4,"Aosom",lighting,"Pendant Light with Three Colour Temperatures, Gold",pendant-light-with-3-colour-temperatures-gold-tone
64.00,22.00,34.4,no,NO,6,"Premier Housewares",mirrors,"Mize Black Plastic Frame Over Door Mirror",mize-black-plastic-frame-over-door-mirror
78.00,26.73,34.3,no,NO,8,"Premier Housewares",garden-furniture,"Maka Natural Croco Rattan Stool",maka-natural-croco-rattan-stool
31.00,10.61,34.2,no,NO,5,"Premier Housewares",bathroom-accessories,"Allegra Champagne Finish Bathroom Jar",allegra-champagne-finish-bathroom-jar
49.00,16.73,34.1,no,NO,2,"Premier Housewares",wall-clocks,"Destini Classical Black Wall Clock",destini-60cm-dia-classical-black-wall-clock
23.00,7.74,33.7,no,NO,6,"Premier Housewares",planters,"Yana Small Cream Textured Ceramic Planter",yana-small-cream-textured-ceramic-planter
19.00,6.40,33.7,no,NO,1,"Premier Housewares",kitchen-storage,"Freska Ribbed Round Glass Jar with Acacia Wood Lid 800ml",freska-ribbed-round-glass-jar-with-acacia-wood-lid-800ml
28.00,9.38,33.5,no,NO,5,"Premier Housewares",bathroom-accessories,"Allegra Champagne Finish Toothbrush Holder",allegra-champagne-finish-toothbrush-holder
95.00,31.73,33.4,no,NO,4,"Aosom",planters,"Garden Planter Box with Back Trellis, Grey",garden-planter-box-with-back-trellis-grey
29.00,9.65,33.3,no,NO,6,"Premier Housewares",mirrors,"Cassini Chrome Large Swivel Mirror",cassini-chrome-large-swivel-mirror
67.00,22.23,33.2,no,NO,1,"Premier Housewares",planters,"Quackpot Duck Feet Large Plant Stand",quackpot-duck-feet-large-plant-stand
47.75,15.51,32.5,no,yes,4,"AW Dropship",wellness-accessories,"Himalayan Salt BBQ Cooking Plate | 30 x 20 x 5cm",himalayan-salt-bbq-cooking-plate-30x20x5cm
31.00,10.02,32.3,no,NO,4,"Premier Housewares",bathroom-accessories,"Allegra 200ml Champagne Finish Soap Dispenser",allegra-200ml-champagne-finish-soap-dispenser
39.00,12.59,32.3,no,NO,6,"Premier Housewares",planters,"Arlo Small Natural Wooden Planter",arlo-small-natural-wooden-planter
26.00,8.36,32.2,no,NO,6,"Premier Housewares",planters,"Yuri Small Terracotta Gold Spotted Planter",yuri-small-terracotta-gold-spotted-planter
77.59,24.80,32.0,no,NO,4,"Aosom",garden-lighting,"Three-Head Solar Lamp Post with Planter, Black",3-head-solar-lamp-post-street-light-with-planter-automatic-on-6-hour-max-outdoor-ready-led
30.00,9.55,31.8,no,NO,3,"Premier Housewares",bathroom-storage,"Emery Matt Black Wire Tall Basket",emery-matt-black-wire-tall-basket
26.00,8.21,31.6,no,NO,7,"Premier Housewares",bathroom-storage,"Vertex Rectangular Basket",vertex-rectangular-basket
49.00,15.46,31.6,no,NO,3,"Premier Housewares",bathroom-accessories,"Thread and Loom 6 Piece Peach Pink Towel Set",thread-and-loom-6-piece-peach-pink-towel-set
19.00,5.96,31.4,no,NO,1,"Premier Housewares",kitchen-storage,"Freska Ribbed Round Glass Jar with Acacia Wood Lid 1100ml",freska-ribbed-round-glass-jar-with-acacia-wood-lid-1100ml
27.00,8.39,31.1,no,NO,4,"Premier Housewares",bathroom-accessories,"Allegra Champagne Finish Soap Dish",allegra-champagne-finish-soap-dish
23.00,7.14,31.1,no,NO,7,"Premier Housewares",bathroom-accessories,"Canyon White Lotion Dispenser - 500ml",canyon-white-lotion-dispenser-500ml
95.00,29.30,30.8,yes,yes,3,"Hill Interiors",wall-clocks,"Bloomsbury Wall Clock",bloomsbury-wall-clock
95.00,29.30,30.8,yes,yes,2,"Hill Interiors",wall-clocks,"Louie Wall Clock",louie-wall-clock
95.00,29.30,30.8,yes,yes,2,"Hill Interiors",vases,"Garda Grey Glazed Tiber Vase",garda-grey-glazed-tiber-vase
95.00,29.30,30.8,yes,yes,4,"Hill Interiors",garden-furniture,"Echo French Grey Chair",echo-french-grey-chair
95.00,29.30,30.8,yes,yes,5,"Hill Interiors",garden-furniture,"Echo Putty Grey Chair",echo-putty-grey-chair
59.00,18.13,30.7,no,NO,6,"Premier Housewares",wall-clocks,"Vitus Large Wooden Wall Clock",vitus-60cm-dia-large-wooden-wall-clock
43.00,13.10,30.5,no,NO,4,"Aosom",lighting,"Spiral LED Wall Lights, Set of 2, Silver",spiral-led-wall-lights-set-of-2-silver
39.00,11.89,30.5,no,NO,4,"Aosom",garden-lighting,"1.3m Solar Lamp Post Lights, Set of 2, Black",2-pcs-1-3m-garden-solar-lamp-post-lights-solar-powered-led-lantern-patio-pathway-walkway-o
63.00,19.18,30.4,no,NO,6,"Premier Housewares",wall-clocks,"Beauly Metal Wall Clock with Gold Finish",beauly-60cm-dia-metal-wall-clock-with-gold-finish
31.00,9.44,30.4,no,NO,5,"Premier Housewares",bathroom-accessories,"Allegra Hammered Effect Soap Dispenser",allegra-hammered-effect-soap-dispenser
41.70,12.62,30.3,no,NO,4,"Aosom",desks,"Computer Desk with Hutch Shelf, Black",computer-desk-home-office-study-table-with-hutch-shelf-cup-holder-headphone-hook-black
59.00,17.62,29.9,no,NO,6,"Premier Housewares",planters,"Arlo Large Wooden Black Ombre Planter",arlo-large-wooden-black-ombre-planter
62.00,18.49,29.8,no,NO,7,"Premier Housewares",lighting,"Wyra Black Finish Frame Pendant light",wyra-black-finish-frame-pendant-light
73.00,21.68,29.7,no,NO,8,"Premier Housewares",lighting,"Stockholm Chrome Adjustable Floor Lamp",stockholm-chrome-adjustable-floor-lamp
29.00,8.56,29.5,no,NO,6,"Premier Housewares",planters,"Yana Large Cream Textured Ceramic Planter",yana-large-cream-textured-ceramic-planter
79.00,22.79,28.9,no,NO,4,"Aosom",planters,"Raised Wooden Planter with Climbing Trellis, Grey",wood-planter-with-trellis-for-climbing-plants-raised-bed-planter-box-with-drainage-holes-t
23.00,6.63,28.8,no,NO,6,"Premier Housewares",planters,"Kiso Black Large Stoneware Planter",kiso-black-large-stoneware-planter
24.00,6.90,28.8,no,NO,8,"Premier Housewares",bathroom-accessories,"Allegra Brown Glass Bathroom Tumbler",allegra-brown-glass-bathroom-tumbler
49.00,14.00,28.6,no,NO,6,"Premier Housewares",planters,"Arlo Large Natural Wooden Planter",arlo-large-natural-wooden-planter
42.00,12.00,28.6,no,NO,6,"Premier Housewares",planters,"Arlo Small Wooden Black Ombre Planter",arlo-small-wooden-black-ombre-planter
72.00,20.57,28.6,yes,yes,3,"Hill Interiors",vases,"Garda Glazed Gisela Vase",garda-glazed-gisela-vase
72.00,20.57,28.6,yes,yes,5,"Hill Interiors",vases,"Marble Effect Ellipse Large Vase",marble-effect-ellipse-large-vase
72.00,20.57,28.6,yes,yes,4,"Hill Interiors",wall-clocks,"Rothay Wall Clock",rothay-wall-clock
72.00,20.57,28.6,yes,yes,3,"Hill Interiors",wall-clocks,"Ashmount Wall Clock",ashmount-wall-clock
72.00,20.57,28.6,yes,yes,4,"Hill Interiors",wall-clocks,"Brandon Wall Clock",brandon-wall-clock
72.00,20.57,28.6,yes,yes,4,"Hill Interiors",vases,"Garda Grey Glazed Gisela Vase",garda-grey-glazed-gisela-vase
62.00,17.68,28.5,yes,yes,5,"Hill Interiors",planters,"Tarn Large Pot with Handles",tarn-large-pot-with-handles
79.00,22.23,28.1,no,NO,4,"Aosom",lighting,"Eight-Light Crystal Pendant Chandelier, Silver",crystal-chandeliers-with-crystal-pendants-8-light-ceiling-light-for-living-room-bedroom-di
62.00,17.39,28.0,no,NO,6,"Premier Housewares",lighting,"Wyra Champagne Gold Frame Pendant light",wyra-champagne-gold-frame-pendant-light
62.00,17.39,28.0,no,NO,7,"Premier Housewares",lighting,"Wyra Chrome Gold Frame Pendant light",wyra-chrome-gold-frame-pendant-light
26.00,7.28,28.0,no,NO,6,"Premier Housewares",planters,"Zircon Small Ceramic Planter",zircon-small-ceramic-planter
26.00,7.28,28.0,no,NO,6,"Premier Housewares",planters,"Jada Large Planter",jada-large-planter
89.00,24.90,28.0,no,NO,1,"Premier Housewares",garden-furniture,"Depok Rattan Side Table With Metal Legs",depok-rattan-side-table-with-metal-legs
29.00,8.12,28.0,no,NO,8,"Premier Housewares",bathroom-accessories,"Allegra Brown Glass Soap Dispenser",allegra-brown-glass-soap-dispenser
59.00,16.45,27.9,no,NO,4,"Aosom",desks,"LED Computer Desk with Power Outlets, Carbon Fibre Grey",led-computer-desk-with-power-outlets-and-shelves-carbon-fibre-grey
23.00,6.40,27.8,yes,yes,4,"Hill Interiors",planters,"Eucalyptus Plant In Stone Effect Pot",eucalyptus-plant-in-stone-effect-pot
64.00,17.82,27.8,no,NO,1,"Premier Housewares",lighting,"Large Leni Black And Gold Pendant Light",large-leni-black-and-gold-pendant-light
81.00,22.48,27.7,yes,yes,6,"Hill Interiors",vases,"Aged Stone Ceramic Vase",aged-stone-ceramic-vase
81.00,22.48,27.7,yes,yes,6,"Hill Interiors",wall-art,"Mistora Hand Painted Canvas In Frame",mistora-hand-painted-canvas-in-frame
81.00,22.48,27.7,yes,yes,5,"Hill Interiors",wall-art,"Silvra Hand Painted Canvas In Frame",silvra-hand-painted-canvas-in-frame
81.00,22.48,27.7,yes,yes,3,"Hill Interiors",lighting,"Antique Gold Marching Hares Lamp With Green Velvet Shade",antique-gold-marching-hares-lamp-with-green-velvet-shade
67.00,18.43,27.5,yes,yes,5,"Hill Interiors",candles-and-lanterns,"Sona Large Hurricane Lantern With Lid",sona-large-hurricane-lantern-with-lid
67.00,18.43,27.5,yes,yes,5,"Hill Interiors",lighting,"2.75m\9ft Plug-In LED 8 Sequence Warm White Cluster String",2-75m-9ft-plug-in-led-8-sequence-warm-white-cluster-string
58.19,15.96,27.4,no,NO,4,"Aosom",lighting,"Dimmable LED Flush Ceiling Light with Remote, Black",led-ceiling-light-modern-dimmable-ceiling-light-with-wall-switch-remote-control-flush-moun
89.00,24.31,27.3,no,NO,6,"Premier Housewares",planters,"Depok Large Rattan Planter with Metal Stand",depok-large-rattan-planter-with-metal-stand
53.00,14.47,27.3,no,NO,4,"Aosom",lighting,"Tiffany Style Semi-Flush Ceiling Light, Three-Light",tiffany-style-ceiling-light-vintage-chandelier-with-3-e27-sockets-semi-flush-mount-for-liv
53.00,14.38,27.1,yes,yes,4,"Hill Interiors",bedroom-mirrors,"Decorative Hanging Black Mirror",decorative-hanging-black-mirror
58.19,15.79,27.1,no,NO,4,"Aosom",lighting,"Pendant Light with Three Colour Temperatures, Silver",pendant-light-with-3-colour-temperatures-silver-tone
43.00,11.53,26.8,no,NO,3,"Premier Housewares",bathroom-accessories,"Thread and Loom 6 Piece Dusty Turquoise Towel Set",thread-and-loom-6-piece-dusty-turquoise-towel-set
43.00,11.53,26.8,no,NO,3,"Premier Housewares",bathroom-accessories,"Thread and Loom 6 Piece Navy Blue Towel Set",thread-and-loom-6-piece-navy-blue-towel-set
43.00,11.53,26.8,no,NO,3,"Premier Housewares",bathroom-accessories,"Thread and Loom 6 Piece Mustard Towel Set",thread-and-loom-6-piece-mustard-towel-set
43.00,11.53,26.8,no,NO,6,"Premier Housewares",bathroom-accessories,"Thread and Loom 6 Piece Lilac Towel Set",thread-and-loom-6-piece-lilac-towel-set
74.00,19.76,26.7,no,NO,6,"Premier Housewares",planters,"Depok Small Rattan Planter with Metal Stand",depok-small-rattan-planter-with-metal-stand
47.52,12.53,26.4,no,NO,4,"Aosom",desks,"Computer Desk with Sliding Keyboard Tray, Grey",computer-desk-with-sliding-keyboard-tray-storage-drawer-shelf-home-office-workstation-grey
49.00,12.88,26.3,no,yes,7,"AW Dropship",rustic-reclaimed-furniture,"Brown Wooden Storage Crates (Set of 3)",brown-wooden-storage-crates-set-of-3
62.00,16.29,26.3,yes,yes,2,"Hill Interiors",wall-art,"Butchers Cuts Pork Wall Plaque",butchers-cuts-pork-wall-plaque
62.00,16.29,26.3,yes,yes,3,"Hill Interiors",candles-and-lanterns,"Large Grey Stone Effect Hurricane Lantern",large-grey-stone-effect-hurricane-lantern
62.00,16.29,26.3,yes,yes,5,"Hill Interiors",lighting,"Uthina Table Lamp",uthina-table-lamp
33.00,8.60,26.1,yes,yes,2,"Hill Interiors",wall-art,"Tristan Mirror And Wood 4X6 Frame",tristan-mirror-and-wood-4x6-frame
78.00,20.22,25.9,no,NO,5,"Premier Housewares",lighting,"Heidy Green Glass Table Lamp With White Shade",heidy-green-glass-table-lamp-with-white-shade
31.00,7.98,25.8,no,NO,6,"Premier Housewares",planters,"Zircon Large Planter",zircon-large-planter
31.00,7.98,25.8,no,NO,6,"Premier Housewares",planters,"Yuri Large Ceramic Planter",yuri-large-ceramic-planter
31.00,7.98,25.8,no,NO,6,"Premier Housewares",planters,"Yuri White And Gold Spotted Planter",yuri-white-and-gold-spotted-planter
48.00,12.24,25.5,yes,yes,5,"Hill Interiors",wall-clocks,"Roco Wall Clock",roco-wall-clock
48.00,12.24,25.5,yes,yes,4,"Hill Interiors",lighting,"Augusta Column Table Lamp With Linen Shade",augusta-column-table-lamp-with-linen-shade
48.00,12.24,25.5,yes,yes,4,"Hill Interiors",lighting,"Belluno Urn Table Lamp With Linen Shade",belluno-urn-table-lamp-with-linen-shade
63.00,16.00,25.4,no,NO,4,"Aosom",lighting,"K9 Crystal Droplet Chandelier, Three-Light",crystal-chandeliers-k9-droplets-ceiling-light-with-3-e14-bulb-base-pendant-lights-for-livi
89.00,22.56,25.3,no,NO,7,"Premier Housewares",lighting,"Stockholm Shiny Brass Tapered Floor Lamp",stockholm-shiny-brass-tapered-floor-lamp
67.00,16.65,24.8,no,NO,6,"Premier Housewares",planters,"Darnell Large Rustic Face Planter",darnell-large-rustic-face-planter
57.00,14.15,24.8,yes,yes,2,"Hill Interiors",vases,"Garda Grey Glazed Chive Vase",garda-grey-glazed-chive-vase
57.00,14.15,24.8,yes,yes,5,"Hill Interiors",lighting,"Aegina Table Lamp",aegina-table-lamp
94.00,23.22,24.7,no,NO,6,"Premier Housewares",planters,"Alden Black Floor Standing Planter",alden-black-floor-standing-planter
53.00,12.99,24.5,yes,yes,2,"Hill Interiors",mirrors,"Square Decorative Hanging Collage Mirror In Silver",square-decorative-hanging-collage-mirror-in-silver
53.00,12.99,24.5,yes,yes,4,"Hill Interiors",vases,"Marble Effect Pudding Vase",marble-effect-pudding-vase
53.00,12.99,24.5,yes,yes,6,"Hill Interiors",candles-and-lanterns,"Silver Punch Faced Ceramic Large Candle Holder",silver-punch-faced-ceramic-large-candle-holder
53.00,12.99,24.5,yes,yes,4,"Hill Interiors",bedroom-mirrors,"Square Decorative Hanging Collage Mirror in Black",square-decorative-hanging-collage-mirror-black
53.00,12.99,24.5,yes,yes,5,"Hill Interiors",lighting,"Symi Slim Table Lamp",symi-slim-table-lamp
53.00,12.99,24.5,yes,yes,5,"Hill Interiors",lighting,"Teos Table Lamp",teos-table-lamp
33.00,8.07,24.5,yes,yes,2,"Hill Interiors",lighting,"7.2m Plug In LED Warm White Cluster Micro Lights",7-2m-plug-in-led-warm-white-cluster-micro-lights
88.00,21.22,24.1,no,NO,1,"Premier Housewares",wall-art,"Abstract Blue 2 Framed Wall Art",abstract-blue-2-framed-wall-art
27.00,6.48,24.0,yes,yes,4,"Hill Interiors",planters,"Blue Agapanthus Plant In Pot",blue-agapanthus-plant-in-pot
49.00,11.75,24.0,no,NO,1,"Premier Housewares",wall-clocks,"Verdian Multi Coloured Circles DIY Wall Clock",verdian-multi-coloured-circles-diy-wall-clock
19.00,4.55,24.0,yes,yes,3,"Hill Interiors",christmas-decorations,"Large Rustic Metal Hanging Bell",large-rustic-metal-hanging-bell
44.00,10.54,24.0,no,NO,1,"Premier Housewares",planters,"Quackpot Duck Feet Small Plant Stand",quackpot-duck-feet-small-plant-stand
93.00,22.25,23.9,no,NO,1,"Premier Housewares",garden-furniture,"Depok Rattan Round Coffee Table With Cross Metal Legs",depok-rattan-round-coffee-table-with-cross-metal-legs
39.00,9.32,23.9,no,NO,6,"Premier Housewares",vases,"Jada Large Abstract Vase",jada-large-abstract-vase
52.37,12.33,23.6,no,NO,4,"Aosom",lighting,"Three-Light Crystal Semi-Flush Ceiling Light",crystal-ceiling-light-semi-flush-mount-modern-crystal-chandelier-ceiling-light-e14-base-3-
67.00,15.77,23.5,no,NO,8,"Premier Housewares",lighting,"Stockholm Shiny Brass Adjustable Floor Lamp",stockholm-shiny-brass-adjustable-floor-lamp
43.00,10.10,23.5,yes,yes,3,"Hill Interiors",candles-and-lanterns,"Glass Candle Holder",glass-candle-holder
43.00,10.10,23.5,yes,yes,3,"Hill Interiors",candles-and-lanterns,"Large Conical Ceramic Lattice Hurricane Lantern",large-conical-ceramic-lattice-hurricane-lantern
43.00,10.10,23.5,yes,yes,3,"Hill Interiors",vases,"Darcy Ople Vase",darcy-ople-vase
23.00,5.40,23.5,no,NO,6,"Premier Housewares",planters,"Yuri Ceramic Planter",yuri-ceramic-planter
23.00,5.40,23.5,no,NO,6,"Premier Housewares",planters,"Yuri Small Ceramic Planter",yuri-small-ceramic-planter
43.00,10.10,23.5,yes,yes,5,"Hill Interiors",lighting,"Antia Stem Table Lamp With Linen Shade",antia-stem-table-lamp-with-linen-shade
27.00,6.22,23.1,no,NO,3,"Premier Housewares",bathroom-accessories,"Allegra Etched Metallic Bathroom Tray",allegra-etched-metallic-bathroom-tray
27.00,6.17,22.9,yes,yes,3,"Hill Interiors",candles-and-lanterns,"Luxe Collection Natural Glow S/ 2 Ivory LED Dinner Candles",luxe-collection-natural-glow-s-2-ivory-led-dinner-candles
69.00,15.72,22.8,no,NO,6,"Premier Housewares",planters,"Darnell Brown Textured Planter",darnell-brown-textured-planter
29.00,6.54,22.6,no,NO,6,"Premier Housewares",planters,"Jada Large Abstract Planter",jada-large-abstract-planter
23.00,5.04,21.9,no,NO,4,"Premier Housewares",bathroom-storage,"Vertex Square Basket",vertex-square-basket
33.00,7.21,21.9,yes,yes,4,"Hill Interiors",candles-and-lanterns,"Rhea Large Lighthouse Tealight Holder",rhea-large-lighthouse-tealight-holder
53.00,11.57,21.8,no,NO,6,"Premier Housewares",planters,"Lentigo Set Of Two Natural Planters",lentigo-set-of-two-natural-planters
23.00,5.01,21.8,yes,yes,2,"Hill Interiors",planters,"Small Blue Flora Planter Pot",small-blue-flora-planter-pot
34.00,7.41,21.8,no,NO,1,"Premier Housewares",kitchen-storage,"Freska Set of Five Ribbed Round Clear Glass Jars with Acacia Wood Lids",freska-set-of-five-ribbed-round-clear-glass-jars-with-acacia-wood-lids
40.00,8.66,21.6,no,NO,1,"Premier Housewares",kitchen-storage,"Freska Set of Five Ribbed Round Glass Jars with Acacia Wood Lids",freska-set-of-five-ribbed-round-glass-jars-with-acacia-wood-lids
78.00,16.78,21.5,no,NO,1,"Premier Housewares",lighting,"Lenno Large White Pendant Light",lenno-large-white-pendant-light
50.00,10.73,21.5,no,NO,6,"Premier Housewares",wall-clocks,"Vitus Gold Finish Wall Clock",vitus-56cm-dia-gold-finish-wall-clock
57.00,12.17,21.4,no,NO,6,"Premier Housewares",planters,"Darnell Small Chevron Planter",darnell-small-chevron-planter
40.00,8.54,21.3,yes,yes,3,"Hill Interiors",vases,"Garda Emerald Glazed Liv Vase",garda-emerald-glazed-liv-vase
40.00,8.54,21.3,yes,yes,2,"Hill Interiors",lighting,"13.6m Warm White Decorative LED String Lights",13-6m-warm-white-decorative-led-string-lights
28.00,5.97,21.3,no,NO,6,"Premier Housewares",bathroom-storage,"Vertex Hexagonal Basket",vertex-hexagonal-basket
47.00,10.02,21.3,no,NO,1,"Premier Housewares",wall-clocks,"Baillie Rose Gold and Mirror Wall Clock",baillie-40cm-dia-rose-gold-and-mirror-wall-clock
50.00,10.64,21.3,no,NO,5,"Premier Housewares",planters,"Lentigo Set Of Two White Planters",lentigo-set-of-two-white-planters
62.00,13.17,21.2,no,NO,6,"Premier Housewares",vases,"Hania Large Glass Vase with Abstract Pattern",hania-large-glass-vase-with-abstract-pattern
68.00,14.38,21.1,no,NO,5,"Premier Housewares",planters,"Avento Set Of Three Black Finish Planters",avento-set-of-three-black-finish-planters
39.00,8.23,21.1,no,NO,4,"Premier Housewares",bathroom-accessories,"Allegra Champagne Finish Tissue Box",allegra-champagne-finish-tissue-box
60.00,12.66,21.1,no,NO,4,"Premier Housewares",planters,"Darnell Small White Finish Rounded Planter",darnell-small-white-finish-rounded-planter
74.00,15.58,21.1,yes,yes,4,"Hill Interiors",garden-furniture,"Kyra French Grey Chair",kyra-french-grey-chair
61.00,12.84,21.0,no,NO,6,"Premier Housewares",planters,"Asher Two Tier Black Plant Stand",asher-two-tier-black-plant-stand
65.00,13.68,21.0,yes,yes,3,"Hill Interiors",vases,"Medium Conran Vase",medium-conran-vase
84.00,17.63,21.0,no,NO,5,"Premier Housewares",lighting,"Stockholm Chrome Finish Tapered Floor Lamp",stockholm-chrome-finish-tapered-floor-lamp
82.00,17.16,20.9,no,NO,1,"Premier Housewares",wall-clocks,"Vitus Black and Gold Metal Wall Clock",vitus-80cm-dia-black-and-gold-metal-wall-clock
74.00,15.48,20.9,no,NO,6,"Premier Housewares",planters,"Darnell Brown Planter With Angular Legs",darnell-brown-planter-with-angular-legs
60.00,12.51,20.8,no,NO,6,"Premier Housewares",planters,"Asher Two Tier Grey Plant Stand",asher-two-tier-grey-plant-stand
73.00,15.16,20.8,no,NO,6,"Premier Housewares",wall-clocks,"Vitus Large Wall Clock",vitus-60cm-dia-large-wall-clock
29.00,6.01,20.7,no,NO,6,"Premier Housewares",planters,"Yuri Large Terracotta Gold Spotted Planter",yuri-large-terracotta-gold-spotted-planter
79.00,16.36,20.7,no,NO,5,"Premier Housewares",planters,"Darnell Large Black Geometric Planter with Legs",darnell-large-black-geometric-planter-with-legs
57.00,11.80,20.7,no,NO,2,"Premier Housewares",planters,"Darnell Small Black And White Finish Planter",darnell-small-black-and-white-finish-planter
57.00,11.80,20.7,no,NO,2,"Premier Housewares",vases,"Deomali Black Finish Large Bottle Vase",deomali-black-finish-large-bottle-vase
83.00,17.15,20.7,no,NO,1,"Premier Housewares",garden-furniture,"Black Garden Chair",black-garden-chair
70.00,14.45,20.6,no,NO,6,"Premier Housewares",candles-and-lanterns,"Kensington Townhouse Nickel Finish Large Floorstanding Candle Holder",kensington-townhouse-nickel-finish-large-floorstanding-candle-holder
70.00,14.44,20.6,no,NO,6,"Premier Housewares",planters,"Darnell Medium Grey Speckled Planter",darnell-medium-grey-speckled-planter
81.00,16.70,20.6,no,NO,5,"Premier Housewares",planters,"Darnell Small White Planter",darnell-small-white-planter
81.00,16.70,20.6,no,NO,8,"Premier Housewares",bathroom-storage,"Batu Set Of 2 Natural Rattan Baskets",batu-set-of-2-natural-rattan-baskets
68.00,14.00,20.6,no,NO,6,"Premier Housewares",planters,"Selby Natural Tropical Hevea Wood Square Plant Stand",selby-natural-tropical-hevea-wood-square-plant-stand
40.00,8.23,20.6,no,NO,5,"Premier Housewares",wall-clocks,"Cheston White Antique Finish Wall Clock",cheston-white-antique-finish-wall-clock
89.00,18.31,20.6,no,NO,1,"Premier Housewares",lighting,"Carta Taupe Etched Linear Design Papier Mache Domed Table Lamp",carta-taupe-etched-linear-design-papier-mache-domed-table-lamp
95.00,19.53,20.6,no,NO,1,"Premier Housewares",lighting,"Carta Black and White Stripe Papier Mache Table Lamp",carta-black-and-white-stripe-papier-mache-table-lamp
95.00,19.53,20.6,no,NO,1,"Premier Housewares",lighting,"Carta Brown and White Stripe Papier Mache Table Lamp",carta-brown-and-white-stripe-papier-mache-table-lamp
79.00,16.21,20.5,no,NO,4,"Aosom",lighting,"Square Crystal Chandelier, Five-Light, Silver",modern-crystal-ceiling-light-square-crystal-chandelier-for-living-room-dining-room-hall-5-
94.00,19.27,20.5,no,NO,6,"Premier Housewares",planters,"Fiori Mixed Succulents In Wood Wall Planter",fiori-mixed-succulents-in-wood-wall-planter
68.00,13.92,20.5,no,NO,6,"Premier Housewares",planters,"Darnell Round Natural And Black Vase",darnell-round-natural-and-black-vase
68.00,13.92,20.5,no,NO,6,"Premier Housewares",planters,"Darnell Round Brown Vase",darnell-round-brown-vase
90.00,18.37,20.4,no,NO,6,"Premier Housewares",planters,"Sabia Green And Gold Two Tiered Plant Stand",sabia-green-and-gold-two-tiered-plant-stand
98.00,19.97,20.4,no,NO,1,"Premier Housewares",garden-furniture,"Depok Rattan Coffee Table With Cross Metal Base",depok-rattan-coffee-table-with-cross-metal-base
99.00,20.16,20.4,no,NO,6,"Premier Housewares",planters,"Darnell Small Black Geometric Planter with Legs",darnell-small-black-geometric-planter-with-legs
53.00,10.76,20.3,no,NO,6,"Premier Housewares",planters,"Darnell Small Rustic Face Planter",darnell-small-rustic-face-planter
79.00,16.04,20.3,no,NO,1,"Premier Housewares",lighting,"Enola Large Ribbed Smoked Glass Table Lamp",enola-large-ribbed-smoked-glass-table-lamp
100.00,20.31,20.3,yes,yes,5,"Hill Interiors",lighting,"White Ceramic Pot Table Lamp with Linen Shade",white-ceramic-pot-table-lamp-linen-shade
81.00,16.43,20.3,no,NO,6,"Premier Housewares",planters,"Darnell Large Grey Speckled Planter",darnell-large-grey-speckled-planter
82.00,16.61,20.3,no,NO,6,"Premier Housewares",planters,"Arlo Large Brown And Natural Wooden Planter",arlo-large-brown-and-natural-wooden-planter
43.00,8.71,20.2,yes,yes,5,"Hill Interiors",planters,"Etched Collection Tall Pot With Handle",etched-collection-tall-pot-with-handle
31.00,6.26,20.2,no,NO,6,"Premier Housewares",planters,"Jada Large Striped Planter",jada-large-striped-planter
63.00,12.71,20.2,no,NO,6,"Premier Housewares",planters,"Darnell Large Natural Face Planter",darnell-large-natural-face-planter
93.00,18.75,20.2,no,NO,3,"Premier Housewares",mirrors,"Meissa Gold Finish Pendant Wall Mirror",meissa-gold-finish-pendant-wall-mirror
77.00,15.53,20.2,no,NO,1,"Premier Housewares",lighting,"Lenno Large Gold Pendant Light",lenno-large-gold-pendant-light
87.00,17.53,20.1,no,NO,3,"Premier Housewares",mirrors,"Urban White Floor Standing Mirror",urban-white-floor-standing-mirror
100.00,20.10,20.1,no,NO,8,"Premier Housewares",garden-furniture,"Maka Grey Natural Rattan Stool",maka-grey-natural-rattan-stool
80.00,16.04,20.0,no,NO,6,"Premier Housewares",vases,"Herbie Green and Gold Large Glass Vase",herbie-green-and-gold-large-glass-vase
66.00,13.22,20.0,yes,yes,4,"Hill Interiors",garden-furniture,"Axis Putty Grey Carver Dining Chair",axis-putty-grey-carver-dining-chair
66.00,13.22,20.0,yes,yes,3,"Hill Interiors",planters,"Siena Brown Round Ribbed Planter",siena-brown-round-ribbed-planter
75.00,15.02,20.0,no,NO,6,"Premier Housewares",planters,"Darnell Large Face Planter",darnell-large-face-planter
35.00,7.01,20.0,no,NO,5,"Premier Housewares",bathroom-storage,"Vertex Copper Plated Basket",vertex-copper-plated-basket
26.00,5.19,20.0,yes,yes,4,"Hill Interiors",candles-and-lanterns,"Round Ceramic Lattice Hurricane Lantern",round-ceramic-lattice-hurricane-lantern
81.00,16.15,19.9,no,NO,4,"Aosom",water-features,"Four-Tier Rustic Pot Fountain with Planter, Rustic Brown",outdoor-fountain-with-4-tier-rustic-pots-planter-garden-fountain-with-led-lights-rustic-br
23.00,4.32,18.8,yes,yes,5,"Hill Interiors",candles-and-lanterns,"Large Frosted Eucalyptus Candle Wreath",large-frosted-eucalyptus-candle-wreath
98.00,18.41,18.8,no,NO,4,"Aosom",water-features,"Garden Water Feature with LED Lights, Dark Grey",garden-water-feature-with-led-lights-dark-grey
29.00,5.26,18.2,yes,yes,3,"Hill Interiors",planters,"Seville Collection Lebes Planter",seville-collection-lebes-planter
65.00,11.78,18.1,no,NO,6,"Premier Housewares",planters,"Darnell Natural And Black Planter",darnell-natural-and-black-planter
64.00,11.51,18.0,no,NO,4,"Premier Housewares",vases,"Kensington Townhouse Tall Bottle Neck Vase",kensington-townhouse-tall-bottle-neck-vase
65.00,11.62,17.9,no,NO,6,"Premier Housewares",vases,"Hania Small Glass Vase with Abstract Pattern",hania-small-glass-vase-with-abstract-pattern
64.00,11.44,17.9,no,NO,4,"Premier Housewares",planters,"Darnell White And Black Small Planter",darnell-white-and-black-small-planter
41.00,7.28,17.7,no,NO,6,"Premier Housewares",vases,"Cayden Small Smoked Black And Silver Vase",cayden-small-smoked-black-and-silver-vase
76.00,13.47,17.7,no,NO,5,"Premier Housewares",planters,"Darnell Small Greyt Faceted Planter",darnell-small-greyt-faceted-planter
46.00,8.15,17.7,no,NO,6,"Premier Housewares",planters,"Arlo Small Engraved Natural And Black Planter",arlo-small-engraved-natural-and-black-planter
71.00,12.52,17.6,no,NO,6,"Premier Housewares",planters,"Darnell Natural And Black Planter With Angular Legs",darnell-natural-and-black-planter-with-angular-legs
62.00,10.93,17.6,no,NO,6,"Premier Housewares",vases,"Hira Medium Blue Ribbed Glass Bottle",hira-medium-blue-ribbed-glass-bottle
33.00,5.81,17.6,yes,yes,3,"Hill Interiors",wall-art,"Tristan Mirror And Wood 5X7 Frame",tristan-mirror-and-wood-5x7-frame
53.00,9.33,17.6,no,NO,6,"Premier Housewares",planters,"Tundra Black And White Earthenware Planter",tundra-black-and-white-earthenware-planter
65.00,11.43,17.6,no,NO,6,"Premier Housewares",planters,"Avento Set Of Three Gold Finish Planters",avento-set-of-three-gold-finish-planters
78.00,13.61,17.4,no,NO,6,"Premier Housewares",planters,"Darnell Large Chevron Planter",darnell-large-chevron-planter
78.00,13.61,17.4,no,NO,6,"Premier Housewares",planters,"Darnell Natural And Black Tapered Planter",darnell-natural-and-black-tapered-planter
78.00,13.61,17.4,no,NO,6,"Premier Housewares",planters,"Darnell Round Brown Planter With Angular Legs",darnell-round-brown-planter-with-angular-legs
69.00,12.02,17.4,no,NO,5,"Premier Housewares",wall-art,"Framed Labrador Wall Art",framed-labrador-wall-art
51.00,8.79,17.2,no,NO,6,"Premier Housewares",planters,"Darnell Small Natural Face Planter",darnell-small-natural-face-planter
75.00,12.77,17.0,no,NO,6,"Premier Housewares",planters,"Arlo Large Engraved Natural And Black Wooden Planter",arlo-large-engraved-natural-and-black-wooden-planter
78.00,13.26,17.0,no,NO,2,"Premier Housewares",planters,"Darnell Large Black And White Finish Planter",darnell-large-black-and-white-finish-planter
